"","Cell","Mutation","MOI","dataSet","COMB_maximum_x","COMB_maximum_y","COMB_midPoint1_x","COMB_midPoint1_y","COMB_midPoint2_x","COMB_midPoint2_y","COMB_slope1","COMB_slope2","COMB_finalAsymptoteIntensity","COMB_incrementTime","COMB_startPoint_x","COMB_startPoint_y","COMB_reachMaximum_x","COMB_reachMaximum_y","COMB_decrementTime","COMB_startDeclinePoint_x","COMB_startDeclinePoint_y","COMB_endDeclinePoint_x","COMB_endDeclinePoint_y","Dirt","Dried_wells","Out_of_focus","Multiple_infections","DDOM","decision_bio","dataSet_bio","decision"
"1","44","WT","50","SCV028",NA,0.112007877170591,17.2906892306462,0.0560039385852954,NA,NA,0.210014769694858,NA,NA,0.533333333333333,17.0240225639795,0,17.5573558973129,0.112007877170591,NA,NA,NA,NA,NA,0,0,0,0,0,"infection","MOI_50","sigmoidal"
"2","53","WT","50","SCV028",NA,0.630770206903875,11.2543029607544,0.315385103451937,NA,NA,0.0486477506914491,NA,NA,12.966071358665,4.77126728142185,0,17.7373386400869,0.630770206903875,NA,NA,NA,NA,NA,0,0,0,0,0,"infection","MOI_50","sigmoidal"
"3","70","WT","50","SCV028",NA,2.26320018721067,10.7592978380376,1.13160009360534,NA,NA,0.429154179788055,NA,NA,5.27362960400011,8.12248303603752,0,13.3961126400376,2.26320018721067,NA,NA,NA,NA,NA,0,0,0,0,0,"infection","MOI_50","sigmoidal"
"4","80","WT","50","SCV028",NA,2.12895835393929,14.4056378017124,1.06447917696965,NA,NA,0.148418199666721,NA,NA,14.344321375141,7.2334771141419,0,21.5777984892829,2.12895835393929,NA,NA,NA,NA,NA,0,0,0,0,0,"infection","MOI_50","sigmoidal"
"5","115","WT","50","SCV028",NA,0.175791985370906,23.476692916666,0.0878959926854528,NA,NA,0.329609972570448,NA,NA,0.533333333333333,23.2100262499993,0,23.7433595833326,0.175791985370906,NA,NA,NA,NA,NA,0,0,0,0,0,"infection","MOI_50","sigmoidal"
"6","138","WT","50","SCV028",NA,1.23177397737446,22.6904053788054,0.615886988687228,NA,NA,0.394241022842925,NA,NA,3.12441858153666,21.128196088037,0,24.2526146695737,1.23177397737446,NA,NA,NA,NA,NA,0,0,0,0,0,"infection","MOI_50","sigmoidal"
"7","143","WT","50","SCV028",NA,1.02910951877337,10.5634016156624,0.514554759386686,NA,NA,0.345538520215686,NA,NA,2.97827726451743,9.07426298340367,0,12.0525402479211,1.02910951877337,NA,NA,NA,NA,NA,0,0,0,0,0,"infection","MOI_50","sigmoidal"
"8","162","WT","50","SCV028",NA,0.319001331396256,18.5099184080253,0.159500665698128,NA,NA,0.0572203059391644,NA,NA,5.57496724563849,15.7224347852061,0,21.2974020308446,0.319001331396256,NA,NA,NA,NA,NA,0,0,0,0,0,"infection","MOI_50","sigmoidal"
"9","163","WT","50","SCV028",NA,0.115514489805753,22.8593508172781,0.0577572449028765,NA,NA,0.216589668385787,NA,NA,0.533333333333333,22.5926841506115,0,23.1260174839448,0.115514489805753,NA,NA,NA,NA,NA,0,0,0,0,0,"infection","MOI_50","sigmoidal"
"10","171","WT","50","SCV028",NA,0.550490498775531,7.78396755181526,0.275245249387766,NA,NA,0.260460512799362,NA,NA,2.11352766244296,6.72720372059378,0,8.84073138303674,0.550490498775531,NA,NA,NA,NA,NA,0,0,0,0,0,"infection","MOI_50","sigmoidal"
"11","197","WT","50","SCV028",NA,1.65727203513012,17.1739013174999,0.828636017565061,NA,NA,0.194595341608683,NA,NA,8.51650415384955,12.9156492405752,0,21.4321533944247,1.65727203513012,NA,NA,NA,NA,NA,0,0,0,0,0,"infection","MOI_50","sigmoidal"
"12","249","WT","50","SCV028",NA,0.261789827238223,22.4262092923179,0.130894913619112,NA,NA,0.144857825499879,NA,NA,1.80721908764564,21.5225997484951,0,23.3298188361407,0.261789827238223,NA,NA,NA,NA,NA,0,0,0,0,0,"infection","MOI_50","sigmoidal"
"13","253","WT","50","SCV028",NA,0.863898630425037,12.7779587972748,0.431949315212518,NA,NA,0.0978584443841953,NA,NA,8.82804377140254,8.36393691157352,0,17.1919806829761,0.863898630425037,NA,NA,NA,NA,NA,0,0,0,0,0,"infection","MOI_50","sigmoidal"
"14","263","WT","50","SCV028",NA,1.71606457990009,8.4904536301194,0.858032289950046,NA,NA,0.32601580505218,NA,NA,5.2637465831616,5.85858033853859,0,11.1223269217002,1.71606457990009,NA,NA,NA,NA,NA,0,0,0,0,0,"infection","MOI_50","sigmoidal"
"15","303","WT","50","SCV028",NA,0.482521968820729,9.41523557532905,0.241260984410365,NA,NA,0.17867528082702,NA,NA,2.7005524579971,8.0649593463305,0,10.7655118043276,0.482521968820729,NA,NA,NA,NA,NA,0,0,0,0,0,"infection","MOI_50","sigmoidal"
"16","309","WT","50","SCV028",NA,1.10520415357816,6.4413831121539,0.55260207678908,NA,NA,0.246969155914873,NA,NA,4.47506956682118,4.20384832874331,0,8.67891789556448,1.10520415357816,NA,NA,NA,NA,NA,0,0,0,0,0,"infection","MOI_50","sigmoidal"
"17","312","WT","50","SCV028",NA,1.23957909601788,8.05939514773608,0.619789548008941,NA,NA,0.237261010223413,NA,NA,5.22453771418511,5.44712629064353,0,10.6716640048286,1.23957909601788,NA,NA,NA,NA,NA,0,0,0,0,0,"infection","MOI_50","sigmoidal"
"18","336","WT","50","SCV028",NA,1.83974040823018,6.86902801722761,0.91987020411509,NA,NA,0.767398080162178,NA,NA,2.39737426479016,5.67034088483253,0,8.06771514962269,1.83974040823018,NA,NA,NA,NA,NA,0,0,0,0,0,"infection","MOI_50","sigmoidal"
"19","337","WT","50","SCV028",NA,1.34206251552132,12.8246497252215,0.671031257760659,NA,NA,0.253499158778981,NA,NA,5.29414977937432,10.1775748355343,0,15.4717246149086,1.34206251552132,NA,NA,NA,NA,NA,0,0,0,0,0,"infection","MOI_50","sigmoidal"
"20","371","WT","50","SCV028",NA,0.369175758978243,6.08535923717903,0.184587879489121,NA,NA,0.0860615553946277,NA,NA,4.28967100682087,3.94052373376859,0,8.23019474058946,0.369175758978243,NA,NA,NA,NA,NA,0,0,0,0,0,"infection","MOI_50","sigmoidal"
"21","381","WT","50","SCV028",NA,1.77620116241964,13.4257812108681,0.88810058120982,NA,NA,0.118698923346772,NA,NA,14.9639197419725,5.94382133988188,0,20.9077410818544,1.77620116241964,NA,NA,NA,NA,NA,0,0,0,0,0,"infection","MOI_50","sigmoidal"
"22","395","WT","50","SCV028",NA,1.84358813772523,15.0269017934502,0.921794068862616,NA,NA,0.35782838645228,NA,NA,5.15215731206695,12.4508231374167,0,17.6029804494836,1.84358813772523,NA,NA,NA,NA,NA,0,0,0,0,0,"infection","MOI_50","sigmoidal"
"23","400","WT","50","SCV028",NA,0.236913280479633,22.3821023046949,0.118456640239817,NA,NA,0.120313671042458,NA,NA,1.96913017803295,21.3975372156784,0,23.3666673937114,0.236913280479633,NA,NA,NA,NA,NA,0,0,0,0,0,"infection","MOI_50","sigmoidal"
"24","423","WT","50","SCV028",NA,0.210671808764087,13.7255877857837,0.105335904382043,NA,NA,0.0259155743824682,NA,NA,8.12915838387151,9.6610085938479,0,17.7901669777194,0.210671808764087,NA,NA,NA,NA,NA,0,0,0,0,0,"infection","MOI_50","sigmoidal"
"25","425","WT","50","SCV028",NA,1.68474285819203,9.34054957703803,0.842371429096017,NA,NA,0.329569490660763,NA,NA,5.1119503046664,6.78457442470484,0,11.8965247293712,1.68474285819203,NA,NA,NA,NA,NA,0,0,0,0,0,"infection","MOI_50","sigmoidal"
"26","432","WT","50","SCV028",NA,0.598360265389068,12.306914585592,0.299180132694534,NA,NA,0.138399642592857,NA,NA,4.32342348707734,10.1452028420533,0,14.4686263291306,0.598360265389068,NA,NA,NA,NA,NA,0,0,0,0,0,"infection","MOI_50","sigmoidal"
"27","435","WT","50","SCV028",NA,1.98859248097602,14.9553140540203,0.99429624048801,NA,NA,0.279866823023979,NA,NA,7.10549560497794,11.4025662515313,0,18.5080618565093,1.98859248097602,NA,NA,NA,NA,NA,0,0,0,0,0,"infection","MOI_50","sigmoidal"
"28","447","WT","50","SCV028",NA,2.15323223793768,7.93437499253582,1.07661611896884,NA,NA,0.545611473308881,NA,NA,3.94645703632169,5.96114647437497,0,9.90760351069666,2.15323223793768,NA,NA,NA,NA,NA,0,0,0,0,0,"infection","MOI_50","sigmoidal"
"29","449","WT","50","SCV028",NA,0.341257131317328,5.30517748896304,0.170628565658664,NA,NA,0.150023203495394,NA,NA,2.27469566951225,4.16782965420691,0,6.44252532371916,0.341257131317328,NA,NA,NA,NA,NA,0,0,0,0,0,"infection","MOI_50","sigmoidal"
"30","455","WT","50","SCV028",NA,1.8521898345638,15.9941104040399,0.926094917281902,NA,NA,0.422306609297278,NA,NA,4.38588881582002,13.8011659961299,0,18.1870548119499,1.8521898345638,NA,NA,NA,NA,NA,0,0,0,0,0,"infection","MOI_50","sigmoidal"
"31","517","WT","50","SCV028",NA,1.71172184701382,18.637223380491,0.855860923506912,NA,NA,0.249083777349976,NA,NA,6.8720727830009,15.2011869889905,0,22.0732597719914,1.71172184701382,NA,NA,NA,NA,NA,0,0,0,0,0,"infection","MOI_50","sigmoidal"
"32","548","WT","50","SCV028",NA,0.987913856020503,9.35181125311609,0.493956928010252,NA,NA,0.121017565566063,NA,NA,8.16339224309717,5.27011513156751,0,13.4335073746647,0.987913856020503,NA,NA,NA,NA,NA,0,0,0,0,0,"infection","MOI_50","sigmoidal"
"33","552","WT","50","SCV028",NA,0.754131373634426,14.601188444086,0.377065686817213,NA,NA,0.0749780421259833,NA,NA,10.0580296877755,9.57217360019823,0,19.6302032879738,0.754131373634426,NA,NA,NA,NA,NA,0,0,0,0,0,"infection","MOI_50","sigmoidal"
"34","568","WT","50","SCV028",NA,1.04667690124137,17.7342401724172,0.523338450620686,NA,NA,0.388439620669703,NA,NA,2.69456781838271,16.3869562632259,0,19.0815240816086,1.04667690124137,NA,NA,NA,NA,NA,0,0,0,0,0,"infection","MOI_50","sigmoidal"
"35","578","WT","50","SCV028",NA,1.84963631989226,10.4382100384245,0.924818159946132,NA,NA,0.252191957022235,NA,NA,7.33423992474584,6.77109007605154,0,14.1053300007974,1.84963631989226,NA,NA,NA,NA,NA,0,0,0,0,0,"infection","MOI_50","sigmoidal"
"36","580","WT","50","SCV028",NA,0.60067999191522,8.0884496610746,0.30033999595761,NA,NA,0.248688292697988,NA,NA,2.41539312284675,6.88075309965123,0,9.29614622249798,0.60067999191522,NA,NA,NA,NA,NA,0,0,0,0,0,"infection","MOI_50","sigmoidal"
"37","591","WT","50","SCV028",NA,0.129409218854257,13.2559135346925,0.0647046094271285,NA,NA,0.242642285351732,NA,NA,0.533333333333333,12.9892468680258,0,13.5225802013591,0.129409218854257,NA,NA,NA,NA,NA,0,0,0,0,0,"infection","MOI_50","sigmoidal"
"38","593","WT","50","SCV028",NA,0.248222485737348,23.255018263142,0.124111242868674,NA,NA,0.465417160757527,NA,NA,0.533333333333333,22.9883515964753,0,23.5216849298087,0.248222485737348,NA,NA,NA,NA,NA,0,0,0,0,0,"infection","MOI_50","sigmoidal"
"39","613","WT","50","SCV028",NA,0.56046844596416,8.35678363940512,0.28023422298208,NA,NA,0.160946764772123,NA,NA,3.48232191406706,6.61562268237159,0,10.0979445964386,0.56046844596416,NA,NA,NA,NA,NA,0,0,0,0,0,"infection","MOI_50","sigmoidal"
"40","638","WT","50","SCV028",NA,1.47442786456806,9.52301164465272,0.73721393228403,NA,NA,0.194922759406346,NA,NA,7.56416474432517,5.74092927249014,0,13.3050940168153,1.47442786456806,NA,NA,NA,NA,NA,0,0,0,0,0,"infection","MOI_50","sigmoidal"
"41","651","WT","50","SCV028",NA,0.763660776792869,23.2419744439793,0.381830388396434,NA,NA,0.365662484652746,NA,NA,2.08843074924157,22.1977590693585,0,24.2861898186,0.763660776792869,NA,NA,NA,NA,NA,0,0,0,0,0,"infection","MOI_50","sigmoidal"
"42","717","WT","50","SCV028",NA,1.47168143452627,7.62478829876387,0.735840717263136,NA,NA,0.318352641085565,NA,NA,4.62280265528164,5.31338697112305,0,9.93618962640469,1.47168143452627,NA,NA,NA,NA,NA,0,0,0,0,0,"infection","MOI_50","sigmoidal"
"43","796","WT","50","SCV028",NA,1.36243768626784,11.2844965771267,0.681218843133918,NA,NA,0.359163020818321,NA,NA,3.79336849089765,9.38781233167791,0,13.1811808225756,1.36243768626784,NA,NA,NA,NA,NA,0,0,0,0,0,"infection","MOI_50","sigmoidal"
"44","842","WT","50","SCV028",NA,2.22297470042181,13.3273036105907,1.1114873502109,NA,NA,0.855842786972557,NA,NA,2.59741010178437,12.0285985596985,0,14.6260086614828,2.22297470042181,NA,NA,NA,NA,NA,0,0,0,0,0,"infection","MOI_50","sigmoidal"
"45","855","WT","50","SCV028",NA,0.666123464896315,9.6801956644359,0.333061732448158,NA,NA,0.251380643592912,NA,NA,2.6498598117007,8.35526575858555,0,11.0051255702863,0.666123464896315,NA,NA,NA,NA,NA,0,0,0,0,0,"infection","MOI_50","sigmoidal"
"46","967","WT","50","SCV028",NA,0.589704769433434,9.64660489810081,0.294852384716717,NA,NA,0.241496498381786,NA,NA,2.44187710126198,8.42566634746982,0,10.8675434487318,0.589704769433434,NA,NA,NA,NA,NA,0,0,0,0,0,"infection","MOI_50","sigmoidal"
"47","1028","WT","50","SCV028",NA,0.156275091116529,23.2747744715916,0.0781375455582644,NA,NA,0.293015795843492,NA,NA,0.533333333333333,23.008107804925,0,23.5414411382583,0.156275091116529,NA,NA,NA,NA,NA,0,0,0,0,0,"infection","MOI_50","sigmoidal"
"48","8","WT","500","SCV029",NA,1.89954179117103,5.94434442700195,0.949770895585517,NA,NA,0.776561564882163,NA,NA,2.44609297842248,4.72129793779071,0,7.16739091621319,1.89954179117103,NA,NA,NA,NA,NA,0,0,0,0,0,"infection","MOI_500","sigmoidal"
"49","17","WT","500","SCV029",NA,2.09396592215401,5.95509166586468,1.046982961077,NA,NA,0.833300491009629,NA,NA,2.51285814030537,4.698662595712,0,7.21152073601737,2.09396592215401,NA,NA,NA,NA,NA,0,0,0,0,0,"infection","MOI_500","sigmoidal"
"50","97","WT","500","SCV029",NA,0.790783656994091,10.0031185917947,0.395391828497045,NA,NA,0.288442161495305,NA,NA,2.74156750488421,8.63233483935256,0,11.3739023442368,0.790783656994091,NA,NA,NA,NA,NA,0,0,0,0,0,"infection","MOI_500","sigmoidal"
"51","116","WT","500","SCV029",NA,1.02334697329673,6.50125742427845,0.511673486648366,NA,NA,0.195583955175527,NA,NA,5.23226443794089,3.88512520530801,0,9.1173896432489,1.02334697329673,NA,NA,NA,NA,NA,0,0,0,0,0,"infection","MOI_500","sigmoidal"
"52","149","WT","500","SCV029",NA,0.340870965314888,5.57522858646154,0.170435482657444,NA,NA,0.155780452007492,NA,NA,2.18814980263695,4.48115368514307,0,6.66930348778001,0.340870965314888,NA,NA,NA,NA,NA,0,0,0,0,0,"infection","MOI_500","sigmoidal"
"53","151","WT","500","SCV029",NA,0.731288135638101,11.9964046248447,0.365644067819051,NA,NA,0.181708604892606,NA,NA,4.02451021001626,9.9841495198366,0,14.0086597298529,0.731288135638101,NA,NA,NA,NA,NA,0,0,0,0,0,"infection","MOI_500","sigmoidal"
"54","154","WT","500","SCV029",NA,0.868722449843957,6.61060865332887,0.434361224921979,NA,NA,0.263778994540526,NA,NA,3.29337236028659,4.96392247318557,0,8.25729483347217,0.868722449843957,NA,NA,NA,NA,NA,0,0,0,0,0,"infection","MOI_500","sigmoidal"
"55","164","WT","500","SCV029",NA,1.25133669372975,9.09170895801811,0.625668346864873,NA,NA,0.206897366133314,NA,NA,6.04810354581048,6.06765718511287,0,12.1157607309233,1.25133669372975,NA,NA,NA,NA,NA,0,0,0,0,0,"infection","MOI_500","sigmoidal"
"56","166","WT","500","SCV029",NA,1.03905475469556,15.6721644198035,0.519527377347779,NA,NA,0.292098905775427,NA,NA,3.55720180442719,13.8935635175899,0,17.450765322017,1.03905475469556,NA,NA,NA,NA,NA,0,0,0,0,0,"infection","MOI_500","sigmoidal"
"57","174","WT","500","SCV029",NA,0.745405816881337,6.85844373418729,0.372702908440669,NA,NA,0.238016783499109,NA,NA,3.13173636717147,5.29257555060156,0,8.42431191777303,0.745405816881337,NA,NA,NA,NA,NA,0,0,0,0,0,"infection","MOI_500","sigmoidal"
"58","177","WT","500","SCV029",NA,0.886176443607193,9.46885965472349,0.443088221803596,NA,NA,0.444489907294115,NA,NA,1.99369306043842,8.47201312450428,0,10.4657061849427,0.886176443607193,NA,NA,NA,NA,NA,0,0,0,0,0,"infection","MOI_500","sigmoidal"
"59","249","WT","500","SCV029",NA,0.789443052557492,7.62009673717409,0.394721526278746,NA,NA,0.155138817999848,NA,NA,5.08862361293911,5.07578493070453,0,10.1644085436436,0.789443052557492,NA,NA,NA,NA,NA,0,0,0,0,0,"infection","MOI_500","sigmoidal"
"60","332","WT","500","SCV029",NA,0.644552778851141,7.59123546727588,0.322276389425571,NA,NA,0.404639062831735,NA,NA,1.5929079469996,6.79478149377607,0,8.38768944077568,0.644552778851141,NA,NA,NA,NA,NA,0,0,0,0,0,"infection","MOI_500","sigmoidal"
"61","351","WT","500","SCV029",NA,0.296102060160281,8.89061931791707,0.148051030080141,NA,NA,0.0774099186192182,NA,NA,3.8251178329849,6.97806040142463,0,10.8031782344095,0.296102060160281,NA,NA,NA,NA,NA,0,0,0,0,0,"infection","MOI_500","sigmoidal"
"62","409","WT","500","SCV029",NA,2.01643152813673,13.010732001648,1.00821576406836,NA,NA,0.631382517929293,NA,NA,3.19367652869119,11.4138937373024,0,14.6075702659936,2.01643152813673,NA,NA,NA,NA,NA,0,0,0,0,0,"infection","MOI_500","sigmoidal"
"63","466","WT","500","SCV029",NA,0.963059431004101,7.41264628554216,0.48152971550205,NA,NA,0.584236580173215,NA,NA,1.64840659364152,6.5884429887214,0,8.23684958236293,0.963059431004101,NA,NA,NA,NA,NA,0,0,0,0,0,"infection","MOI_500","sigmoidal"
"64","548","WT","500","SCV029",NA,1.98466057767714,18.4858326884158,0.992330288838572,NA,NA,0.810459336191451,NA,NA,2.44880956890886,17.2614279039614,0,19.7102374728702,1.98466057767714,NA,NA,NA,NA,NA,0,0,0,0,0,"infection","MOI_500","sigmoidal"
"65","558","WT","500","SCV029",NA,2.70578588661927,9.84312275212676,1.35289294330963,NA,NA,0.295612268148055,NA,NA,9.15315830283503,5.26654360070924,0,14.4197019035443,2.70578588661927,NA,NA,NA,NA,NA,0,0,0,0,0,"infection","MOI_500","sigmoidal"
"66","567","WT","500","SCV029",NA,1.31768759999921,9.06819525174013,0.658843799999606,NA,NA,0.430158206674289,NA,NA,3.06326272416547,7.5365638896574,0,10.5998266138229,1.31768759999921,NA,NA,NA,NA,NA,0,0,0,0,0,"infection","MOI_500","sigmoidal"
"67","575","WT","500","SCV029",NA,1.92211933375976,11.2411023214471,0.961059666879878,NA,NA,3.20229319912278,NA,NA,0.600232150599542,10.9409862461473,0,11.5412183967469,1.92211933375976,NA,NA,NA,NA,NA,0,0,0,0,0,"infection","MOI_500","sigmoidal"
"68","581","WT","500","SCV029",NA,0.0976225713200823,16.8428603688197,0.0488112856600411,NA,NA,0.0324221524795986,NA,NA,3.01098365944428,15.3373685390975,0,18.3483521985418,0.0976225713200823,NA,NA,NA,NA,NA,0,0,0,0,0,"infection","MOI_500","sigmoidal"
"69","657","WT","500","SCV029",NA,0.520770873367205,10.074658213819,0.260385436683603,NA,NA,0.0875660309920527,NA,NA,5.94717914546646,7.10106864108579,0,13.0482477865522,0.520770873367205,NA,NA,NA,NA,NA,0,0,0,0,0,"infection","MOI_500","sigmoidal"
"70","674","WT","500","SCV029",NA,0.871766925899821,7.47887224093506,0.43588346294991,NA,NA,0.192091108103474,NA,NA,4.53829921908839,5.20972263139086,0,9.74802185047925,0.871766925899821,NA,NA,NA,NA,NA,0,0,0,0,0,"infection","MOI_500","sigmoidal"
"71","678","WT","500","SCV029",NA,0.785391747212218,7.89340097572576,0.392695873606109,NA,NA,0.118502267524001,NA,NA,6.62765163589083,4.57957515778034,0,11.2072267936712,0.785391747212218,NA,NA,NA,NA,NA,0,0,0,0,0,"infection","MOI_500","sigmoidal"
"72","696","WT","500","SCV029",NA,1.22041605786978,7.42786939681287,0.610208028934888,NA,NA,0.436946919173173,NA,NA,2.79305335343512,6.03134272009531,0,8.82439607353043,1.22041605786978,NA,NA,NA,NA,NA,0,0,0,0,0,"infection","MOI_500","sigmoidal"
"73","698","WT","500","SCV029",NA,0.830243133642045,7.39839455488517,0.415121566821023,NA,NA,0.283457297771085,NA,NA,2.92898838791772,5.93390036092631,0,8.86288874884404,0.830243133642045,NA,NA,NA,NA,NA,0,0,0,0,0,"infection","MOI_500","sigmoidal"
"74","716","WT","500","SCV029",NA,0.409305449177086,10.5419498480656,0.204652724588543,NA,NA,0.268432294679416,NA,NA,1.52479957624291,9.7795500599441,0,11.304349636187,0.409305449177086,NA,NA,NA,NA,NA,0,0,0,0,0,"infection","MOI_500","sigmoidal"
"75","723","WT","500","SCV029",NA,0.784434687471616,7.76958513497935,0.392217343735808,NA,NA,0.188709974381769,NA,NA,4.15682684522371,5.6911717123675,0,9.84799855759121,0.784434687471616,NA,NA,NA,NA,NA,0,0,0,0,0,"infection","MOI_500","sigmoidal"
"76","754","WT","500","SCV029",NA,0.511510561340034,5.84401017713476,0.255755280670017,NA,NA,0.2806905359789,NA,NA,1.82232920520871,4.93284557453041,0,6.75517477973911,0.511510561340034,NA,NA,NA,NA,NA,0,0,0,0,0,"infection","MOI_500","sigmoidal"
"77","840","WT","500","SCV029",NA,1.19490802849288,7.75407537272574,0.597454014246439,NA,NA,0.297576313402587,NA,NA,4.01546754454312,5.74634160045418,0,9.7618091449973,1.19490802849288,NA,NA,NA,NA,NA,0,0,0,0,0,"infection","MOI_500","sigmoidal"
"78","902","WT","500","SCV029",NA,0.630985304083048,21.9634951401395,0.315492652041524,NA,NA,0.260261664994028,NA,NA,2.42442660196432,20.7512818391574,0,23.1757084411217,0.630985304083048,NA,NA,NA,NA,NA,0,0,0,0,0,"infection","MOI_500","sigmoidal"
"79","944","WT","500","SCV029",NA,1.60509736123799,16.1928327116515,0.802548680618994,NA,NA,0.113759174999347,NA,NA,14.1096079612674,9.13802873101783,0,23.2476366922852,1.60509736123799,NA,NA,NA,NA,NA,0,0,0,0,0,"infection","MOI_500","sigmoidal"
"80","950","WT","500","SCV029",NA,0.358821088386673,22.5400733622192,0.179410544193336,NA,NA,0.206145307899402,NA,NA,1.74062214679063,21.6697622888239,0,23.4103844356145,0.358821088386673,NA,NA,NA,NA,NA,0,0,0,0,0,"infection","MOI_500","sigmoidal"
"81","975","WT","500","SCV029",NA,0.109320465185101,23.3423346838687,0.0546602325925504,NA,NA,0.204975872222064,NA,NA,0.533333333333333,23.075668017202,0,23.6090013505353,0.109320465185101,NA,NA,NA,NA,NA,0,0,0,0,0,"infection","MOI_500","sigmoidal"
"82","998","WT","500","SCV029",NA,0.964942118942092,22.7626353459923,0.482471059471046,NA,NA,0.265447840001428,NA,NA,3.63514775233018,20.9450614698272,0,24.5802092221574,0.964942118942092,NA,NA,NA,NA,NA,0,0,0,0,0,"infection","MOI_500","sigmoidal"
"83","1049","WT","500","SCV029",NA,2.07870889044545,5.91454479366278,1.03935444522272,NA,NA,0.83794851063875,NA,NA,2.48071195789929,4.67418881471313,0,7.15490077261242,2.07870889044545,NA,NA,NA,NA,NA,0,0,0,0,0,"infection","MOI_500","sigmoidal"
"84","1091","WT","500","SCV029",NA,0.505249612482858,10.1630841747271,0.252624806241429,NA,NA,0.128805162726425,NA,NA,3.9225882083312,8.20179007056152,0,12.1243782788927,0.505249612482858,NA,NA,NA,NA,NA,0,0,0,0,0,"infection","MOI_500","sigmoidal"
"85","1096","WT","500","SCV029",NA,0.916824379405495,6.99534245175713,0.458412189702747,NA,NA,0.385495545797354,NA,NA,2.37830083745624,5.80619203302901,0,8.18449287048525,0.916824379405495,NA,NA,NA,NA,NA,0,0,0,0,0,"infection","MOI_500","sigmoidal"
"86","1111","WT","500","SCV029",NA,2.39804908223685,13.4537493592391,1.19902454111842,NA,NA,1.4384119578693,NA,NA,1.66715040786302,12.6201741553076,0,14.2873245631706,2.39804908223685,NA,NA,NA,NA,NA,0,0,0,0,0,"infection","MOI_500","sigmoidal"
"87","1127","WT","500","SCV029",NA,0.731154873561853,12.852964478136,0.365577436780927,NA,NA,0.498539589086637,NA,NA,1.46659340515241,12.1196677755598,0,13.5862611807122,0.731154873561853,NA,NA,NA,NA,NA,0,0,0,0,0,"infection","MOI_500","sigmoidal"
"88","1140","WT","500","SCV029",NA,1.81705405256466,7.20680669521175,0.908527026282331,NA,NA,0.594294071304993,NA,NA,3.0574998814554,5.67805675448405,0,8.73555663593945,1.81705405256466,NA,NA,NA,NA,NA,0,0,0,0,0,"infection","MOI_500","sigmoidal"
"89","1168","WT","500","SCV029",NA,1.46469589879001,11.3794732291785,0.732347949395007,NA,NA,0.167453113426238,NA,NA,8.74690155841863,7.00602244996921,0,15.7529240083878,1.46469589879001,NA,NA,NA,NA,NA,0,0,0,0,0,"infection","MOI_500","sigmoidal"
"90","1169","WT","500","SCV029",NA,0.51784971724071,6.83178082261254,0.258924858620355,NA,NA,0.244994537159315,NA,NA,2.11371944552365,5.77492109985071,0,7.88864054537436,0.51784971724071,NA,NA,NA,NA,NA,0,0,0,0,0,"infection","MOI_500","sigmoidal"
"91","1188","WT","500","SCV029",NA,0.99775356019472,7.78599778583449,0.49887678009736,NA,NA,0.154473662966746,NA,NA,6.45905289634717,4.55647133766091,0,11.0155242340081,0.99775356019472,NA,NA,NA,NA,NA,0,0,0,0,0,"infection","MOI_500","sigmoidal"
"92","1230","WT","500","SCV029",NA,0.52321142170051,9.93681745148784,0.261605710850255,NA,NA,0.151211837030074,NA,NA,3.46012211726817,8.20675639285376,0,11.6668785101219,0.52321142170051,NA,NA,NA,NA,NA,0,0,0,0,0,"infection","MOI_500","sigmoidal"
"93","1235","WT","500","SCV029",NA,0.648442011116526,20.7226849996272,0.324221005558263,NA,NA,1.21582877084349,NA,NA,0.533333333333333,20.4560183329605,0,20.9893516662938,0.648442011116526,NA,NA,NA,NA,NA,0,0,0,0,0,"infection","MOI_500","sigmoidal"
"94","8","WT","5000","SCV030",NA,1.53856117510854,5.99966692146518,0.769280587554269,NA,NA,0.242476165167807,NA,NA,6.34520582278166,2.82706401007435,0,9.17226983285601,1.53856117510854,NA,NA,NA,NA,NA,0,0,0,0,0,"infection","MOI_5000","sigmoidal"
"95","41","WT","5000","SCV030",NA,1.91205469167004,4.77653728707574,0.956027345835022,NA,NA,1.30669645202446,NA,NA,1.46327380678787,4.0449003836818,0,5.50817419046967,1.91205469167004,NA,NA,NA,NA,NA,0,0,0,0,0,"infection","MOI_5000","sigmoidal"
"96","81","WT","5000","SCV030",NA,0.319290341150895,6.42425496599844,0.159645170575448,NA,NA,0.112083046012003,NA,NA,2.84869436111419,4.99990778544134,0,7.84860214655553,0.319290341150895,NA,NA,NA,NA,NA,0,0,0,0,0,"infection","MOI_5000","sigmoidal"
"97","150","WT","5000","SCV030",NA,0.911457003525864,7.13956404010585,0.455728501762932,NA,NA,0.243523136039825,NA,NA,3.74279429194278,5.26816689413446,0,9.01096118607724,0.911457003525864,NA,NA,NA,NA,NA,0,0,0,0,0,"infection","MOI_5000","sigmoidal"
"98","152","WT","5000","SCV030",NA,0.582635438142742,7.07622426381716,0.291317719071371,NA,NA,0.286361495568384,NA,NA,2.0346151530823,6.05891668727601,0,8.09353184035831,0.582635438142742,NA,NA,NA,NA,NA,0,0,0,0,0,"infection","MOI_5000","sigmoidal"
"99","159","WT","5000","SCV030",NA,1.29163805126443,5.7229180970761,0.645819025632216,NA,NA,0.629515676822015,NA,NA,2.05179648231321,4.69701985591949,0,6.74881633823271,1.29163805126443,NA,NA,NA,NA,NA,0,0,0,0,0,"infection","MOI_5000","sigmoidal"
"100","314","WT","5000","SCV030",NA,0.121827656551325,15.0684621637215,0.0609138282756627,NA,NA,0.0621079484471865,NA,NA,1.96154694523393,14.0876886911045,0,16.0492356363384,0.121827656551325,NA,NA,NA,NA,NA,0,0,0,0,0,"infection","MOI_5000","sigmoidal"
"101","387","WT","5000","SCV030",NA,1.17214257097709,9.32823093918703,0.586071285488546,NA,NA,0.320746209213035,NA,NA,3.65442376966199,7.50101905435603,0,11.155442824018,1.17214257097709,NA,NA,NA,NA,NA,0,0,0,0,0,"infection","MOI_5000","sigmoidal"
"102","394","WT","5000","SCV030",NA,0.699811558920819,7.75303594243891,0.34990577946041,NA,NA,1.31214667297654,NA,NA,0.533333333333333,7.48636927577225,0,8.01970260910558,0.699811558920819,NA,NA,NA,NA,NA,0,0,0,0,0,"infection","MOI_5000","sigmoidal"
"103","459","WT","5000","SCV030",NA,1.03944350702828,5.76590270943614,0.519721753514138,NA,NA,0.249723452729984,NA,NA,4.16237840565254,3.68471350660987,0,7.84709191226241,1.03944350702828,NA,NA,NA,NA,NA,0,0,0,0,0,"infection","MOI_5000","sigmoidal"
"104","501","WT","5000","SCV030",NA,1.63094324532829,7.67300532944772,0.815471622664147,NA,NA,0.281143140124515,NA,NA,5.80111342786443,4.7724486155155,0,10.5735620433799,1.63094324532829,NA,NA,NA,NA,NA,0,0,0,0,0,"infection","MOI_5000","sigmoidal"
"105","613","WT","5000","SCV030",NA,0.882505229530691,9.50659244338468,0.441252614765346,NA,NA,0.458243143989863,NA,NA,1.92584491684225,8.54366998496355,0,10.4695149018058,0.882505229530691,NA,NA,NA,NA,NA,0,0,0,0,0,"infection","MOI_5000","sigmoidal"
"106","639","WT","5000","SCV030",NA,0.0613595648140705,21.1200971827496,0.0306797824070352,NA,NA,0.115049184026382,NA,NA,0.533333333333333,20.8534305160829,0,21.3867638494163,0.0613595648140705,NA,NA,NA,NA,NA,0,0,0,0,0,"infection","MOI_5000","sigmoidal"
"107","677","WT","5000","SCV030",NA,0.299180214104575,6.01380459265182,0.149590107052288,NA,NA,0.117375629394975,NA,NA,2.54891254382813,4.73934832073775,0,7.28826086456588,0.299180214104575,NA,NA,NA,NA,NA,0,0,0,0,0,"infection","MOI_5000","sigmoidal"
"108","935","WT","5000","SCV030",NA,1.55031869921731,5.20422084182569,0.775159349608653,NA,NA,0.727441776757678,NA,NA,2.1311928304796,4.13862442658588,0,6.26981725706549,1.55031869921731,NA,NA,NA,NA,NA,0,0,0,0,0,"infection","MOI_5000","sigmoidal"
"109","1000","WT","5000","SCV030",NA,0.670821140139911,5.48129036421888,0.335410570069955,NA,NA,0.235583213759749,NA,NA,2.84749125132499,4.05754473855638,0,6.90503598988137,0.670821140139911,NA,NA,NA,NA,NA,0,0,0,0,0,"infection","MOI_5000","sigmoidal"
"110","1010","WT","5000","SCV030",NA,0.946304056647334,5.88889065890032,0.473152028323667,NA,NA,0.543436294326641,NA,NA,1.74133392731871,5.01822369524097,0,6.75955762255968,0.946304056647334,NA,NA,NA,NA,NA,0,0,0,0,0,"infection","MOI_5000","sigmoidal"
"111","1038","WT","5000","SCV030",NA,1.24331335788624,5.37586311783797,0.621656678943118,NA,NA,0.75308438752948,NA,NA,1.6509615369467,4.55038234936462,0,6.20134388631133,1.24331335788624,NA,NA,NA,NA,NA,0,0,0,0,0,"infection","MOI_5000","sigmoidal"
"112","1056","WT","5000","SCV030",NA,0.142195722696276,4.3381321239046,0.0710978613481378,NA,NA,0.266616980055517,NA,NA,0.533333333333333,4.07146545723793,0,4.60479879057126,0.142195722696276,NA,NA,NA,NA,NA,0,0,0,0,0,"infection","MOI_5000","sigmoidal"
"113","1121","WT","5000","SCV030",NA,1.85629049271222,5.84669641713228,0.928145246356112,NA,NA,0.798347344320132,NA,NA,2.32516649039903,4.68411317193277,0,7.00927966233179,1.85629049271222,NA,NA,NA,NA,NA,0,0,0,0,0,"infection","MOI_5000","sigmoidal"
"114","1157","WT","5000","SCV030",NA,1.33181669468302,5.45377179236823,0.665908347341511,NA,NA,0.490921299660526,NA,NA,2.71289246484921,4.09732555994363,0,6.81021802479284,1.33181669468302,NA,NA,NA,NA,NA,0,0,0,0,0,"infection","MOI_5000","sigmoidal"
"115","1181","WT","5000","SCV030",NA,1.06818357940865,5.31706844519867,0.534091789704326,NA,NA,0.329353096402138,NA,NA,3.24327778022286,3.69542955508725,0,6.9387073353101,1.06818357940865,NA,NA,NA,NA,NA,0,0,0,0,0,"infection","MOI_5000","sigmoidal"
"116","1191","WT","5000","SCV030",NA,0.12994399673011,4.89224052386388,0.0649719983650549,NA,NA,0.243644993868956,NA,NA,0.533333333333333,4.62557385719721,0,5.15890719053054,0.12994399673011,NA,NA,NA,NA,NA,0,0,0,0,0,"infection","MOI_5000","sigmoidal"
"117","1206","WT","5000","SCV030",NA,0.659561042394382,5.77264561497681,0.329780521197191,NA,NA,0.225682001489081,NA,NA,2.92252389664442,4.3113836666546,0,7.23390756329902,0.659561042394382,NA,NA,NA,NA,NA,0,0,0,0,0,"infection","MOI_5000","sigmoidal"
"118","1210","WT","5000","SCV030",NA,1.01643440686302,13.0836654223184,0.508217203431512,NA,NA,0.55278399434649,NA,NA,1.83875513267107,12.1642878559828,0,14.0030429886539,1.01643440686302,NA,NA,NA,NA,NA,0,0,0,0,0,"infection","MOI_5000","sigmoidal"
"119","1212","WT","5000","SCV030",NA,1.03291745483637,4.89656017206503,0.516458727418186,NA,NA,0.614457911942906,NA,NA,1.68102230398548,4.05604902007229,0,5.73707132405777,1.03291745483637,NA,NA,NA,NA,NA,0,0,0,0,0,"infection","MOI_5000","sigmoidal"
"120","1289","WT","5000","SCV030",NA,1.04841364182921,7.39136765310855,0.524206820914605,NA,NA,0.291680965974808,NA,NA,3.59438483867254,5.59417523377228,0,9.18856007244482,1.04841364182921,NA,NA,NA,NA,NA,0,0,0,0,0,"infection","MOI_5000","sigmoidal"
"121","1467","WT","5000","SCV030",NA,2.94741571207651,14.3744475930823,1.47370785603825,NA,NA,1.09388474392238,NA,NA,2.69444813857431,13.0272235237951,0,15.7216716623694,2.94741571207651,NA,NA,NA,NA,NA,0,0,0,0,0,"infection","MOI_5000","sigmoidal"
"122","1576","WT","5000","SCV030",NA,2.0104874430185,6.1847008190628,1.00524372150925,NA,NA,0.650797571573386,NA,NA,3.08926697153754,4.64006733329403,0,7.72933430483157,2.0104874430185,NA,NA,NA,NA,NA,0,0,0,0,0,"infection","MOI_5000","sigmoidal"
"123","1610","WT","5000","SCV030",NA,1.49010199180662,5.51416362875275,0.745050995903309,NA,NA,0.333342871707359,NA,NA,4.47017806072894,3.27907459838828,0,7.74925265911722,1.49010199180662,NA,NA,NA,NA,NA,0,0,0,0,0,"infection","MOI_5000","sigmoidal"
"124","1623","WT","5000","SCV030",NA,1.21760012131279,6.48121284337548,0.608800060656395,NA,NA,0.565676562461406,NA,NA,2.15246697868247,5.40497935403425,0,7.55744633271672,1.21760012131279,NA,NA,NA,NA,NA,0,0,0,0,0,"infection","MOI_5000","sigmoidal"
