"","x","y","group","colour"
"1",1.06680043834758,1.62251683382108,1,"#e41a1c"
"2",0.453343798948828,1.49334983232034,1,"#e41a1c"
"3",0.287112805597474,0.137540093140682,1,"#e41a1c"
"4",0.640196541664325,1.58883935291183,1,"#e41a1c"
"5",0.32062959009436,0.831430829637047,1,"#e41a1c"
"6",0.0238400519876729,0.1018105551,1,"#e41a1c"
"7",0.32507115612472,0.206740095994687,1,"#e41a1c"
"8",0.547986432223683,0.278208967878234,1,"#e41a1c"
"9",0.877476492722184,1.29537437872418,1,"#e41a1c"
"10",0.212927774287848,0.763304184478229,1,"#e41a1c"
"11",0.699073605556211,1.68339348402674,1,"#e41a1c"
"12",0.840933981993697,2.7677230770202,1,"#e41a1c"
"13",0.318626490794736,0.15295358845679,1,"#e41a1c"
"14",0.38483685295317,0.186336997257324,1,"#e41a1c"
"15",0.515135824384038,0.245543008356785,1,"#e41a1c"
"16",0.378264957321082,0.180579269567732,1,"#e41a1c"
"17",0.464205222363197,0.663392889749358,1,"#e41a1c"
"18",0.85026232466423,2.07497654845536,1,"#e41a1c"
"19",0.47328525330607,0.805402556963349,1,"#e41a1c"
"20",0.857933387897932,1.05570695408031,1,"#e41a1c"
"21",0.548762506593266,2.17622968031792,1,"#e41a1c"
"22",1.12424749914945,2.29389697010956,1,"#e41a1c"
"23",0.342092785148481,1.34221684758912,1,"#e41a1c"
"24",1.78895682557504,3.16408469591283,1,"#e41a1c"
"25",0.867243479642695,3.00401806079532,1,"#e41a1c"
"26",0.737793272624169,1.90553776906877,1,"#e41a1c"
"27",2.49949139964715,5.52934588883365,1,"#e41a1c"
"28",0.656373340958879,2.17204543452864,1,"#e41a1c"
"29",1.2467306124179,4.17614605254296,1,"#e41a1c"
"30",0.51819862734633,1.49300148818086,1,"#e41a1c"
"31",0.244380505858126,0.130278258447767,1,"#e41a1c"
"32",0.0964173879547623,0.226392406291659,1,"#e41a1c"
"33",0.602120700484339,1.89307779300916,1,"#e41a1c"
"34",0.716266831005119,1.60190476518294,1,"#e41a1c"
"35",0.414117497989549,0.783779190181965,1,"#e41a1c"
"36",0.314880184339635,1.57536919817992,1,"#e41a1c"
"37",0.516642470198743,1.11124005390925,1,"#e41a1c"
"38",0.468084977391902,0.249645172375682,1,"#e41a1c"
"39",0.654824710285181,1.8977198847045,1,"#e41a1c"
"40",0.356454231627741,1.05662852287678,1,"#e41a1c"
"41",0.17736820425,0.0945963756,1,"#e41a1c"
"42",0.880882093730791,2.29891284495804,1,"#e41a1c"
"43",0.217445280721133,0.451397318113977,1,"#e41a1c"
"44",2.13669460955209,4.51423701471875,1,"#e41a1c"
"45",0.268191620217406,1.00112239521008,1,"#e41a1c"
"46",0.370326651471265,0.176033075767991,1,"#e41a1c"
"47",2.49794020393083,1.33223478150024,1,"#e41a1c"
"48",0.976414033780163,1.49149429026132,1,"#e41a1c"
"49",0.814463543059862,0.434380556466271,1,"#e41a1c"
"50",0.613509425726836,2.33260786044275,1,"#e41a1c"
"51",0.414207165524982,1.11074893971454,1,"#e41a1c"
"52",3.55801306620718,7.54437057157373,1,"#e41a1c"
"53",0.656789175360282,0.350278096947398,1,"#e41a1c"
"54",0.327643189433621,0.174743034364598,1,"#e41a1c"
"55",0.0442178446877677,0.237998064855075,1,"#e41a1c"
"56",0.236490281548448,1.02563735313255,1,"#e41a1c"
"57",0.409077157470516,2.03670978135848,1,"#e41a1c"
"58",0.932336510564569,1.95720109509834,1,"#e41a1c"
"59",0.950655558599559,1.3427968772068,1,"#e41a1c"
"60",0.403564156020719,0.704756589485397,1,"#e41a1c"
"61",0.565040010797046,1.70702712479379,1,"#e41a1c"
"62",0.404250751112694,0.215600400593437,1,"#e41a1c"
"63",0.574211094695141,0.306245694214688,1,"#e41a1c"
"64",0.732100846607964,0.366718112227662,1,"#e41a1c"
"65",0.662175556360537,0.353160291353694,1,"#e41a1c"
"66",0.790262838539409,1.27553801220552,1,"#e41a1c"
"67",0.323506550486038,1.27050297403627,1,"#e41a1c"
"68",0.567846426178612,1.24937302222537,1,"#e41a1c"
"69",0.139231699166786,0.247525138188939,1,"#e41a1c"
"70",2.83006226100409,5.20102808062322,1,"#e41a1c"
"71",0.641919203085274,1.81851799543273,1,"#e41a1c"
"72",0.863059872926083,2.65735143668519,1,"#e41a1c"
"73",0.045936570475636,0.407316518542737,1,"#e41a1c"
"74",0.390052123630644,0.769965630883454,1,"#e41a1c"
"75",0.728073298054503,1.83934943693436,1,"#e41a1c"
"76",1.62997198209965,3.79947663743395,1,"#e41a1c"
"77",1.38980038059307,3.61469880426732,1,"#e41a1c"
"78",0.181586786913065,0.779183644987658,1,"#e41a1c"
"79",0.250871248096829,1.01671180178952,1,"#e41a1c"
"80",0.454500293180689,1.25990587200663,1,"#e41a1c"
"81",0.202894029298456,0.441288524428693,1,"#e41a1c"
"82",0.448744206940401,0.22782454634431,1,"#e41a1c"
"83",0.259400125268705,0.879837709145682,1,"#e41a1c"
"84",2.453663224992,7.52265799052684,1,"#e41a1c"
"85",2.67069707424924,3.86821478608792,1,"#e41a1c"
"86",1.04417347521017,2.0974205622193,1,"#e41a1c"
"87",0.577751024255502,0.308131383648118,1,"#e41a1c"
"88",0.640994597846343,0.338897660883465,1,"#e41a1c"
"89",0.625203380237474,0.333441802793319,1,"#e41a1c"
"90",0.818528670507486,0.415561715643442,1,"#e41a1c"
"91",1.11478250958696,3.92443236091163,1,"#e41a1c"
"92",0.357514531871643,0.641260548945573,1,"#e41a1c"
"93",1.08111497905313,1.80492560778154,1,"#e41a1c"
"94",0.269293678338705,1.43516586116024,1,"#e41a1c"
"95",0.285574532544556,0.948913598856121,1,"#e41a1c"
"96",0.268642932694611,0.531293095696251,1,"#e41a1c"
"97",1.7978797089091,5.9110293871059,1,"#e41a1c"
"98",0.641049108334365,0.341450920702023,1,"#e41a1c"
"99",0.105541420348266,0.1195044414,1,"#e41a1c"
"100",11.0580109007034,6.12159811056645,1,"#e41a1c"
"101",1.30026131831366,2.66333255218532,1,"#e41a1c"
"102",0.387661855274488,0.206752989479727,1,"#e41a1c"
"103",0.380514232012352,1.17191933849149,1,"#e41a1c"
"104",0.814815422750525,2.12400194681091,1,"#e41a1c"
"105",0.0191737914444906,0.1098932133,1,"#e41a1c"
"106",0.510174867141565,0.272093262475501,1,"#e41a1c"
"107",0.054298096493118,0.571366207644618,1,"#e41a1c"
"108",1.74709293517724,1.45420851667227,1,"#e41a1c"
"109",2.23265923228929,5.69978079567416,1,"#e41a1c"
"110",0.273186780743358,1.87392200539049,1,"#e41a1c"
"111",0.416094630323331,0.221917136172443,1,"#e41a1c"
"112",0.44256555038318,0.236034841989572,1,"#e41a1c"
"113",0.60844893803161,0.324506100283525,1,"#e41a1c"
"114",0.119196256760541,0.1170589884,1,"#e41a1c"
"115",0.237402261376966,0.1154646552,1,"#e41a1c"
"116",1.10447647830951,1.54753804561186,1,"#e41a1c"
"117",0.301988975862089,0.486160281454265,1,"#e41a1c"
"118",0.961109005657527,2.60260073488787,1,"#e41a1c"
"119",0.250147700914712,0.562545974290601,1,"#e41a1c"
"120",0.520562140783147,1.55326122425429,1,"#e41a1c"
"121",0.731239260983359,1.15776572278457,1,"#e41a1c"
"122",1.28224405688086,3.65735138977343,1,"#e41a1c"
"123",0.325264601553724,1.00130901574508,1,"#e41a1c"
"124",0.409322102602347,0.218305121387919,1,"#e41a1c"
"125",0.158681107270224,0.572313382475876,1,"#e41a1c"
"126",0.56933426525466,0.303644941469152,1,"#e41a1c"
"127",0.219953856661741,0.1116690114,1,"#e41a1c"
"128",0.477678881100063,0.601318940438454,1,"#e41a1c"
"129",0.397542773403088,0.193863853001443,1,"#e41a1c"
"130",0.0729454303945396,0.144766342173334,1,"#e41a1c"
"131",0.0896271568531203,0.1028527134,1,"#e41a1c"
"132",3.26891929627062,6.64890521364227,1,"#e41a1c"
"133",0.6331371599592,0.337207347995599,1,"#e41a1c"
"134",0.628852072148689,1.53874627944532,1,"#e41a1c"
"135",2.324220811691,1.34026807959392,1,"#e41a1c"
"136",0.33482930360725,1.39188104764983,1,"#e41a1c"
"137",0.449425207807441,1.5891333206232,1,"#e41a1c"
"138",0.419945226392573,1.09886813672295,1,"#e41a1c"
"139",2.68784338508521,9.10632276575477,1,"#e41a1c"
"140",0.599019263488215,0.319476940527048,1,"#e41a1c"
"141",1.01064689274806,2.48436412366892,1,"#e41a1c"
"142",1.18144320341666,3.37736854396923,1,"#e41a1c"
"143",0.391107122232892,1.44006671426168,1,"#e41a1c"
"144",0.0560337819069799,0.319155392647021,1,"#e41a1c"
"145",0.091247272989888,0.275297630703582,1,"#e41a1c"
"146",0.943779048177366,2.76644094954555,1,"#e41a1c"
"147",0.527440682881412,0.281301697536753,1,"#e41a1c"
"148",0.593685604964589,0.39286272213714,1,"#e41a1c"
"149",0.30716389347168,0.163751222331035,1,"#e41a1c"
"150",0.645716214659215,0.344381981151581,1,"#e41a1c"
"151",0.581802621657557,0.310294731550697,1,"#e41a1c"
"152",0.601143180164095,2.08266358647941,1,"#e41a1c"
"153",0.470133509816728,0.223608495676498,1,"#e41a1c"
"154",0.730443068761947,2.09911561222158,1,"#e41a1c"
"155",1.76966964341342,2.72518083413417,1,"#e41a1c"
"156",2.78987315707561,6.42032086125732,1,"#e41a1c"
"157",0.802373292549282,0.42793242269295,1,"#e41a1c"
"158",0.757838220254159,0.403615671763405,1,"#e41a1c"
"159",0.411869156141664,1.02202173266617,1,"#e41a1c"
"160",1.28911395219089,3.04093137920783,1,"#e41a1c"
"161",0.105384691197716,0.301707251099195,1,"#e41a1c"
"162",0.491955900132217,0.811051472293979,1,"#e41a1c"
"163",0.428798924082626,0.228692759510734,1,"#e41a1c"
"164",0.285651987055417,0.374916898993079,1,"#e41a1c"
"165",0.309685977806691,0.871549845270461,1,"#e41a1c"
"166",0.321839176367633,0.601362252554576,1,"#e41a1c"
"167",0.260459286292406,0.977091950590527,1,"#e41a1c"
"168",1.1427485431837,2.60805542882098,1,"#e41a1c"
"169",0.76769820756055,1.68856021065886,1,"#e41a1c"
"170",0.685320643019866,2.09540275266681,1,"#e41a1c"
"171",0.579303670019684,0.308961957343832,1,"#e41a1c"
"172",0.427157887942049,0.227817540235759,1,"#e41a1c"
"173",0.544367067161395,0.290329102486077,1,"#e41a1c"
"174",0.395232469109034,1.16313824505722,1,"#e41a1c"
"175",0.0638740703941757,0.377194253800331,1,"#e41a1c"
"176",0.610971137994058,0.972811004938436,1,"#e41a1c"
"177",1.30198877191604,2.30225205744346,1,"#e41a1c"
"178",0.37019210195055,0.996593024697107,1,"#e41a1c"
"179",0.80915057089348,1.51253841123215,1,"#e41a1c"
"180",1.15835763722187,1.25518390751372,1,"#e41a1c"
"181",0.326329890229515,0.6362256477455,1,"#e41a1c"
"182",0.542365480048423,0.289261589359159,1,"#e41a1c"
"183",2.45998233838751,5.53908508389354,1,"#e41a1c"
"184",1.20203177531031,2.97294503049948,1,"#e41a1c"
"185",0.723723756199113,1.6716823226607,1,"#e41a1c"
"186",0.472369231390805,0.927124704549279,1,"#e41a1c"
"187",0.16509761386572,0.409425596000305,1,"#e41a1c"
"188",0.0611969017653973,0.323924828039461,1,"#e41a1c"
"189",0.40493209807572,0.970986956779741,1,"#e41a1c"
"190",0.12082512571359,0.300145116430912,1,"#e41a1c"
"191",0.221456116873224,0.793310826838882,1,"#e41a1c"
"192",0.263617241384739,0.908216385476633,1,"#e41a1c"
"193",0.5087400179566,0.271328009576853,1,"#e41a1c"
"194",0.266190806635924,1.59886814912057,1,"#e41a1c"
"195",0.357509372470958,0.918749486817132,1,"#e41a1c"
"196",0.662866533094701,2.74767214743373,1,"#e41a1c"
"197",0.776760551513914,1.39922884110708,1,"#e41a1c"
"198",0.384497831686555,1.05140780676311,1,"#e41a1c"
"199",1.67369538524772,5.36586985240201,1,"#e41a1c"
"200",1.57597279571662,0.840518826674352,1,"#e41a1c"
"201",0.860773367494794,1.66282735504196,1,"#e41a1c"
"202",0.0181709518806332,0.377461016922463,1,"#e41a1c"
"203",0.0223073136604989,0.376665527449954,1,"#e41a1c"
"204",0.0203602263661976,0.311112538556669,1,"#e41a1c"
"205",0.0830845912164096,0.421200701795343,1,"#e41a1c"
"206",0.213757589244348,0.458837980537384,1,"#e41a1c"
"207",0.35057900893698,1.21519404261685,1,"#e41a1c"
"208",0.555024733974164,0.381332207809196,1,"#e41a1c"
"209",1.96396621412465,4.32050018435667,1,"#e41a1c"
"210",1.90690844431944,3.3374589410875,1,"#e41a1c"
"211",0.020596636371951,0.3758717535722,1,"#e41a1c"
"212",0.0224696667654328,0.379376049510155,1,"#e41a1c"
"213",0.0145112796714633,0.349624880490003,1,"#e41a1c"
"214",0.567832440484381,0.302843968258337,1,"#e41a1c"
"215",0.453150260503115,0.241680138934995,1,"#e41a1c"
"216",0.380254570376641,1.25692835769796,1,"#e41a1c"
"217",0.337516174591531,0.180008626448816,1,"#e41a1c"
"218",0.567337417621087,1.34196868685405,1,"#e41a1c"
"219",0.606309933294062,1.43433963837457,1,"#e41a1c"
"220",0.544943785826228,0.290636685773988,1,"#e41a1c"
"221",0.552528423899204,1.56098092172651,1,"#e41a1c"
"222",0.172130220358243,0.466292234405863,1,"#e41a1c"
"223",0.58443570573458,0.311699043058443,1,"#e41a1c"
"224",0.147826515563739,0.4842209325565,1,"#e41a1c"
"225",0.171727777012233,0.37309754069129,1,"#e41a1c"
"226",0.602409444120748,1.12761545937815,1,"#e41a1c"
"227",0.231613257768715,0.703926858841341,1,"#e41a1c"
"228",0.31718014618561,0.542724573870814,1,"#e41a1c"
"229",0.481320854160723,0.256704455552386,1,"#e41a1c"
"230",0.515130672219404,0.274736358517015,1,"#e41a1c"
"231",0.505876928276723,0.269801028414252,1,"#e41a1c"
"232",0.552807934629658,0.294830898469151,1,"#e41a1c"
"233",0.598503597674351,0.319201918759654,1,"#e41a1c"
"234",0.891269430690807,1.64710600341655,1,"#e41a1c"
"235",0.158598304994539,0.590974507669982,1,"#e41a1c"
"236",0.309882136901677,1.1983246363357,1,"#e41a1c"
"237",0.824250694653195,2.30564432664611,1,"#e41a1c"
"238",0.192160486302736,0.795489683029048,1,"#e41a1c"
"239",0.51783225675552,0.276177203139714,1,"#e41a1c"
"240",0.484079531294645,0.257142576613202,1,"#e41a1c"
"241",0.769126041019521,0.390479909979865,1,"#e41a1c"
"242",0.577288633744899,0.307887272923235,1,"#e41a1c"
"243",1.73978739505531,2.64066522389652,1,"#e41a1c"
"244",1.03419488070207,0.945746270061965,1,"#e41a1c"
"245",0.725890897812498,2.43637314220474,1,"#e41a1c"
"246",1.76321584572,3.91967053834742,1,"#e41a1c"
"247",0.290037629654497,0.944571075516033,1,"#e41a1c"
"248",0.401562158806416,1.27886562960532,1,"#e41a1c"
"249",0.613139612526581,0.32700779334751,1,"#e41a1c"
"250",0.305227021433115,0.61055910975538,1,"#e41a1c"
"251",0.583394229687154,1.64443952716833,1,"#e41a1c"
"252",0.555271693415219,1.39350493124774,1,"#e41a1c"
"253",0.551663782640659,0.294220684075018,1,"#e41a1c"
"254",0.573864439275247,0.306061034280132,1,"#e41a1c"
"255",0.749179308357865,1.8948715515995,1,"#e41a1c"
"256",0.947827928875674,0.517487893798492,1,"#e41a1c"
"257",0.752396297815094,0.989256314785453,1,"#e41a1c"
"258",0.568567947250205,1.33069913041198,1,"#e41a1c"
"259",0.673619864235049,1.45955721694384,1,"#e41a1c"
"260",0.159319495348735,0.664248260899529,1,"#e41a1c"
"261",0.462494769070306,1.22929277174834,1,"#e41a1c"
"262",0.650538277145266,1.36328759940188,1,"#e41a1c"
"263",0.42979865392719,1.14132001288403,1,"#e41a1c"
"264",1.38783198580218,2.38015440949091,1,"#e41a1c"
"265",0.694176510924553,1.9674808275399,1,"#e41a1c"
"266",1.28568650906343,4.78160784259312,1,"#e41a1c"
"267",1.44770075583648,1.39122950015232,1,"#e41a1c"
"268",1.19133000242577,2.99839162001504,1,"#e41a1c"
"269",0.62001040687093,0.330672216997829,1,"#e41a1c"
"270",0.842548567557092,1.83455492850565,1,"#e41a1c"
"271",0.311916815597576,0.976029726069467,1,"#e41a1c"
"272",0.517033517459057,1.16610132040599,1,"#e41a1c"
"273",0.547820750498399,0.988664876421485,1,"#e41a1c"
"274",0.584059677991022,1.56065829998884,1,"#e41a1c"
"275",0.647639011746582,0.34540747293151,1,"#e41a1c"
"276",1.18637533587836,3.33503013897518,1,"#e41a1c"
"277",1.15423579786592,2.3873750502689,1,"#e41a1c"
"278",0.996344736143203,0.53138385930219,1,"#e41a1c"
"279",1.33565034046712,2.33333089108494,1,"#e41a1c"
"280",1.0912054514219,2.30791555491971,1,"#e41a1c"
"281",0.721920018829462,1.73548010859707,1,"#e41a1c"
"282",0.613277408915517,1.15039030490408,1,"#e41a1c"
"283",0.530376354626605,1.46474993815921,1,"#e41a1c"
"284",0.774752547157605,2.00406231924136,1,"#e41a1c"
"285",0.432710761990446,0.490359791857851,1,"#e41a1c"
"286",0.767845848391885,1.64433097495756,1,"#e41a1c"
"287",0.325144342139261,0.698723372837572,1,"#e41a1c"
"288",0.347325936149445,0.880266205520569,1,"#e41a1c"
"289",0.381758537875917,0.560442174363186,1,"#e41a1c"
"290",0.0535860608600012,0.125700301023181,1,"#e41a1c"
"291",0.378748230953768,0.311037871437223,1,"#e41a1c"
"292",1.39144342353181,2.94620643423822,1,"#e41a1c"
"293",0.576187127308373,0.307299801247472,1,"#e41a1c"
"294",1.25273245923467,0.668123978258491,1,"#e41a1c"
"295",0.675166172672825,1.57020498826475,1,"#e41a1c"
"296",0.73529984747232,0.559266294470949,1,"#e41a1c"
"297",0.711739217930154,0.361345025269671,1,"#e41a1c"
"298",0.245731350098976,0.528029477426147,1,"#e41a1c"
"299",0.698759402220639,0.412706966163983,1,"#e41a1c"
"300",0.482217872233015,1.08587405754766,1,"#e41a1c"
"301",1.35716485776631,3.40164241963827,1,"#e41a1c"
"302",1.89564682356869,4.0452805246257,1,"#e41a1c"
"303",1.07303744666017,2.28819756673251,1,"#e41a1c"
"304",2.82741416977409,3.44400271869498,1,"#e41a1c"
"305",1.0244491104446,2.0032042495088,1,"#e41a1c"
"306",0.965231577060299,2.23590057623492,1,"#e41a1c"
"307",0.278717110708655,1.12076516998971,1,"#e41a1c"
"308",0.945732014556218,1.93056098780447,1,"#e41a1c"
"309",2.45687893714042,4.27580908326176,1,"#e41a1c"
"310",2.5789858496957,4.4655681075469,1,"#e41a1c"
"311",0.160655163884231,0.590987020970422,1,"#e41a1c"
"312",0.795165170924816,2.72252264605075,1,"#e41a1c"
"313",0.426699675932599,1.14353940535055,1,"#e41a1c"
"314",0.964548615663604,1.04463358036395,1,"#e41a1c"
"315",0.528693365878704,0.898583080438143,1,"#e41a1c"
"316",0.998556486597746,4.57897491160538,1,"#e41a1c"
"317",0.476157591560484,0.253950715498925,1,"#e41a1c"
"318",1.51322442761096,2.64682253644331,1,"#e41a1c"
"319",0.628929001540481,0.416793219767235,1,"#e41a1c"
"320",0.822091423957616,2.39860582242733,1,"#e41a1c"
"321",0.31366524974689,0.1665630975,1,"#e41a1c"
"322",2.61871361499193,3.73906448973345,1,"#e41a1c"
"323",0.393766017317554,1.10750848224078,1,"#e41a1c"
"324",0.272032328993421,0.633158282262104,1,"#e41a1c"
"325",1.2106973405257,3.10450652749451,1,"#e41a1c"
"326",0.321461295619644,0.995594963208122,1,"#e41a1c"
"327",0.697229705619378,0.371855842997001,1,"#e41a1c"
"328",0.246799799170381,1.00049592688878,1,"#e41a1c"
"329",0.175533380854242,0.439597748051301,1,"#e41a1c"
"330",0.725306188115171,0.368232875781793,1,"#e41a1c"
"331",2.39670573977483,5.91780450802848,1,"#e41a1c"
"332",0.810265811305536,3.00640300090477,1,"#e41a1c"
"333",0.367710474803949,0.17798663778734,1,"#e41a1c"
"334",0.57479343561137,0.306556494329171,1,"#e41a1c"
"335",0.679145360009866,1.99563215853355,1,"#e41a1c"
"336",0.627640075730647,2.25951146674379,1,"#e41a1c"
"337",0.771153749722087,0.411281999904427,1,"#e41a1c"
"338",0.326054450542253,0.768098381492635,1,"#e41a1c"
"339",0.534243406569157,1.35248735954747,1,"#e41a1c"
"340",0.342412802579554,1.19551849054246,1,"#e41a1c"
"341",1.44828008037762,0.915348983869499,1,"#e41a1c"
"342",2.09185155881827,3.08238224940515,1,"#e41a1c"
"343",0.864787047780147,1.98543353118022,1,"#e41a1c"
"344",0.527313746963761,1.6009758124735,1,"#e41a1c"
"345",0.501670759544142,0.732565223559228,1,"#e41a1c"
"346",0.446828388409514,0.916593335802457,1,"#e41a1c"
"347",0.454263454329319,1.04041873958711,1,"#e41a1c"
"348",1.17866943010284,1.66607728784284,1,"#e41a1c"
"349",0.944049173354863,2.10283175469956,1,"#e41a1c"
"350",0.470837572825548,1.08454080877988,1,"#e41a1c"
"351",0.462399238025194,0.551860330718043,1,"#e41a1c"
"352",1.06742111189254,2.59772449559425,1,"#e41a1c"
"353",1.08741205819031,4.3822007945896,1,"#e41a1c"
"354",0.822721405600394,2.51223534821382,1,"#e41a1c"
"355",0.658726902538049,1.247080836519,1,"#e41a1c"
"356",2.10327345165906,4.55229667978492,1,"#e41a1c"
"357",0.37503935842916,1.11191760282483,1,"#e41a1c"
"358",0.807581935974531,0.41000408127477,1,"#e41a1c"
"359",0.642644565233367,2.2474822734493,1,"#e41a1c"
"360",0.389453438301897,0.99749130227113,1,"#e41a1c"
"361",1.21948722724696,1.10065894412533,1,"#e41a1c"
"362",0.56592605384223,0.301827029918584,1,"#e41a1c"
"363",1.42449195816297,1.57963843910222,1,"#e41a1c"
"364",0.638702382792002,0.337738271317837,1,"#e41a1c"
"365",0.602421795669467,0.321291624373592,1,"#e41a1c"
"366",2.0627801411451,3.8821459182344,1,"#e41a1c"
"367",0.703569736878092,1.91299036197431,1,"#e41a1c"
"368",0.196108576837386,0.0953595654,1,"#e41a1c"
"369",1.3703671605821,2.60334045183405,1,"#e41a1c"
"370",1.47423562070019,3.51289368539525,1,"#e41a1c"
"371",1.55419059342845,0.828901649881478,1,"#e41a1c"
"372",0.0868254023835465,0.793699740977958,1,"#e41a1c"
"373",0.669089996004754,0.719418771430302,1,"#e41a1c"
"374",0.841599219503782,0.448852917068684,1,"#e41a1c"
"375",0.385706593173755,1.15563715062652,1,"#e41a1c"
"376",1.20026434213087,1.55271247625929,1,"#e41a1c"
"377",0.63341508818963,1.38755610379038,1,"#e41a1c"
"378",0.324593218021044,0.155192243274118,1,"#e41a1c"
"379",0.828712834423835,1.19345579363282,1,"#e41a1c"
"380",0.583730865944681,0.311323129136246,1,"#e41a1c"
"381",0.19128353655265,0.0971129946,1,"#e41a1c"
"382",0.503123967203016,2.01897096548445,1,"#e41a1c"
"383",0.557349217456789,1.90289860193756,1,"#e41a1c"
"384",0.602205131403077,1.27208021695273,1,"#e41a1c"
"385",0.972562655745153,2.16830595307575,1,"#e41a1c"
"386",0.632229988601722,1.12969579767525,1,"#e41a1c"
"387",0.705656512178104,0.376350139820836,1,"#e41a1c"
"388",0.528241515325665,0.281529734091234,1,"#e41a1c"
"389",1.0464642393145,2.98796521417221,1,"#e41a1c"
"390",0.304412846122294,0.16235351793189,1,"#e41a1c"
"391",0.457915536178355,0.797783619817144,1,"#e41a1c"
"392",0.499125327760771,0.306546949085861,1,"#e41a1c"
"393",0.546907931428299,0.291684230110088,1,"#e41a1c"
"394",0.253514389817605,0.176351881490538,1,"#e41a1c"
"395",0.577900310812461,0.308213499124769,1,"#e41a1c"
"396",0.116640258692018,0.154270925896551,1,"#e41a1c"
"397",0.506968480641322,0.270383189675372,1,"#e41a1c"
"398",0.551341262107254,0.294048672265377,1,"#e41a1c"
"399",0.594341317040429,0.31690407909575,1,"#e41a1c"
"400",0.18801159431282,0.100272850300171,1,"#e41a1c"
"401",0.328285183024089,0.367190918234636,1,"#e41a1c"
"402",0.252578740505121,0.121367194817859,1,"#e41a1c"
"403",0.664357420867197,1.33994013399872,1,"#e41a1c"
"404",0.181808417316793,0.214729706891424,1,"#e41a1c"
"405",1.24109066551951,0.673129427426234,1,"#e41a1c"
"406",0.45437846624546,0.23068505173452,1,"#e41a1c"
"407",0.7642091695792,1.22950437301601,1,"#e41a1c"
"408",1.14430090503899,3.30884860660621,1,"#e41a1c"
"409",0.853727672623742,0.47389887472438,1,"#e41a1c"
"410",0.174958692160619,0.26715693639738,1,"#e41a1c"
"411",2.0440151260385,6.76783835940544,1,"#e41a1c"
"412",0.292199012144149,0.717820460765627,1,"#e41a1c"
"413",0.387949817218005,0.335549933588343,1,"#e41a1c"
"414",2.54947908455705,5.63215034705941,1,"#e41a1c"
"415",0.185876984159367,0.322803259617132,1,"#e41a1c"
"416",0.835524628909715,1.59363524880262,1,"#e41a1c"
"417",1.19750959560368,2.53118197469585,1,"#e41a1c"
"418",0.0983619524247414,0.903102234273759,1,"#e41a1c"
"419",0.189563679771354,0.577082565829327,1,"#e41a1c"
"420",0.433693713154197,0.640497276278674,1,"#e41a1c"
"421",0.47241715481113,1.55965764048299,1,"#e41a1c"
"422",0.358284219101335,0.708108357647115,1,"#e41a1c"
"423",0.152182513321435,0.0915357108,1,"#e41a1c"
"424",0.312204204644395,0.772216951686728,1,"#e41a1c"
"425",1.58907060146725,3.30021030422559,1,"#e41a1c"
"426",1.2628558573341,1.82977540666273,1,"#e41a1c"
"427",0.3637960376728,0.56289962691607,1,"#e41a1c"
"428",0.499879126494851,1.45804604147166,1,"#e41a1c"
"429",2.03170994202602,4.01644771962515,1,"#e41a1c"
"430",0.441510922292535,0.235465951043397,1,"#e41a1c"
"431",0.366783555170227,0.195617896090788,1,"#e41a1c"
"432",0.185710529739096,0.17152039772101,1,"#e41a1c"
"433",1.13356180684957,1.1290626672964,1,"#e41a1c"
"434",0.504682885463931,0.269120696878296,1,"#e41a1c"
"435",0.465750476136515,0.248400047222945,1,"#e41a1c"
"436",0.602132721530304,0.321084995580793,1,"#e41a1c"
"437",0.0371973779841074,0.117987084,1,"#e41a1c"
"438",0.380488194604937,1.04959144869506,1,"#e41a1c"
"439",0.80834205355799,2.04467754285638,1,"#e41a1c"
"440",1.58856662827445,4.63587708750902,1,"#e41a1c"
"441",0.776824966776853,2.64540204543195,1,"#e41a1c"
"442",0.470574938470775,0.277879489872918,1,"#e41a1c"
"443",0.597110715989252,0.31799119056378,1,"#e41a1c"
"444",0.782302862791425,2.23712587794258,1,"#e41a1c"
"445",1.05792127014781,3.3130885807169,2,"#377eb8"
"446",0.677479074327586,1.14122709904931,2,"#377eb8"
"447",0.149130060987946,0.1024012278,2,"#377eb8"
"448",0.206645062141482,0.814271109489821,2,"#377eb8"
"449",0.868208221997217,1.47533349197341,2,"#377eb8"
"450",0.602118530890579,0.321129883141642,2,"#377eb8"
"451",0.680735106305744,2.06726036132113,2,"#377eb8"
"452",0.626608986508705,1.90248441174477,2,"#377eb8"
"453",0.602015917772203,1.9911854601478,2,"#377eb8"
"454",0.688807001038868,1.48635525793399,2,"#377eb8"
"455",1.10556726098943,3.19723068242328,2,"#377eb8"
"456",0.433273849588985,1.69546003148177,2,"#377eb8"
"457",0.758195577274441,1.80878300991638,2,"#377eb8"
"458",0.612011525920331,0.326405832441754,2,"#377eb8"
"459",1.04883345882582,2.03041403504431,2,"#377eb8"
"460",0.684960791182249,0.365312421963866,2,"#377eb8"
"461",0.365278508580102,0.768539636748608,2,"#377eb8"
"462",3.39007095066327,6.13224491387649,2,"#377eb8"
"463",0.195652869709855,0.14033807570037,2,"#377eb8"
"464",0.479134763266738,1.72157510163454,2,"#377eb8"
"465",1.47380762740847,3.14844874549178,2,"#377eb8"
"466",1.74975157452798,3.39862054114686,2,"#377eb8"
"467",2.90321656518092,5.87389490296485,2,"#377eb8"
"468",0.926127506790929,1.69767780157913,2,"#377eb8"
"469",2.19480011810491,5.71012418042895,2,"#377eb8"
"470",0.145117823296959,0.14035297507258,2,"#377eb8"
"471",1.14365492736209,2.90657778122731,2,"#377eb8"
"472",2.00401825305598,3.6331154680192,2,"#377eb8"
"473",0.863466828206668,2.51150080594456,2,"#377eb8"
"474",0.531025214786423,0.283213447886092,2,"#377eb8"
"475",0.735715488209276,2.417305839073,2,"#377eb8"
"476",3.3683922164777,7.07292592319009,2,"#377eb8"
"477",0.673574296261581,2.11926045218037,2,"#377eb8"
"478",3.02758233729679,7.80912474826169,2,"#377eb8"
"479",0.924095137279045,1.61021481854746,2,"#377eb8"
"480",0.582006959167861,0.310403714300092,2,"#377eb8"
"481",0.520522313239846,1.37760012261152,2,"#377eb8"
"482",0.447247367616847,1.27903704196346,2,"#377eb8"
"483",0.86934893635815,1.95152262113145,2,"#377eb8"
"484",0.612389244412605,0.326607597020056,2,"#377eb8"
"485",1.15991266692375,1.70423821783207,2,"#377eb8"
"486",2.58626494326434,6.08627000025874,2,"#377eb8"
"487",1.2886989297467,2.62908231518934,2,"#377eb8"
"488",0.64611011548014,2.50739225462213,2,"#377eb8"
"489",2.38717887199498,7.85645005769757,2,"#377eb8"
"490",0.398682560013574,1.38538366827113,2,"#377eb8"
"491",0.676837199359292,1.89248753658272,2,"#377eb8"
"492",0.416848919080244,0.20357522229749,2,"#377eb8"
"493",0.34229711602156,0.867740442844563,2,"#377eb8"
"494",0.506803742054511,1.83859044469609,2,"#377eb8"
"495",0.732298724191264,1.25469991364387,2,"#377eb8"
"496",1.65307135987873,4.69249841193842,2,"#377eb8"
"497",1.73366276936167,5.06249223207784,2,"#377eb8"
"498",0.442125806822423,1.1143734095499,2,"#377eb8"
"499",1.02394820393578,2.7610181092089,2,"#377eb8"
"500",1.54129453185381,3.96999773854397,2,"#377eb8"
"501",0.864440437488752,1.77541162411058,2,"#377eb8"
"502",0.742535942376462,1.46083466100561,2,"#377eb8"
"503",0.781971844508567,1.10716115128134,2,"#377eb8"
"504",2.04497877297691,3.73245962343217,2,"#377eb8"
"505",1.50768547044263,3.18148268222606,2,"#377eb8"
"506",0.842580210608235,2.77606673486891,2,"#377eb8"
"507",0.376363689017247,1.31907547344343,2,"#377eb8"
"508",0.738738380419897,2.14135893337329,2,"#377eb8"
"509",0.114011503453126,0.1005449694,2,"#377eb8"
"510",0.216167526366958,1.33740943967024,2,"#377eb8"
"511",0.513696303654935,1.00729887229147,2,"#377eb8"
"512",0.77949336566944,1.29849932003245,2,"#377eb8"
"513",1.11508448622695,2.98388851233734,2,"#377eb8"
"514",2.03147240744335,2.21598120608005,2,"#377eb8"
"515",0.866806886913133,1.86380903307843,2,"#377eb8"
"516",0.744208465919271,3.87907078353658,2,"#377eb8"
"517",2.15261329802134,3.389223253558,2,"#377eb8"
"518",0.829428450549376,2.21890106482053,2,"#377eb8"
"519",0.493240466853395,2.36257412633441,2,"#377eb8"
"520",0.504959636684251,1.68803920415576,2,"#377eb8"
"521",0.666491701106775,2.71251311798881,2,"#377eb8"
"522",0.815841542350751,1.52003649719394,2,"#377eb8"
"523",3.97878085767929,7.90558933351736,2,"#377eb8"
"524",1.82896469697972,3.03545931224776,2,"#377eb8"
"525",0.493447681378954,1.58369778644874,2,"#377eb8"
"526",0.807953895243949,1.44814187548931,2,"#377eb8"
"527",2.00369198617064,5.36381728334828,2,"#377eb8"
"528",2.39420723066042,5.64043442723805,2,"#377eb8"
"529",0.950560801077524,2.50093233632363,2,"#377eb8"
"530",3.15348969429271,8.23029613672201,2,"#377eb8"
"531",2.08675129825218,3.33450960005004,2,"#377eb8"
"532",0.675889954228811,2.05023698630445,2,"#377eb8"
"533",1.62644196033031,3.79829765291914,2,"#377eb8"
"534",1.90420309111872,6.09460608880932,2,"#377eb8"
"535",2.52428842821839,5.33199804557049,2,"#377eb8"
"536",1.24474984989723,3.39059769751547,2,"#377eb8"
"537",1.29102782560712,2.02421597622132,2,"#377eb8"
"538",1.04698582337748,2.54640395761592,2,"#377eb8"
"539",0.206180818130193,0.1193572278,2,"#377eb8"
"540",1.16292419715114,2.85659764741613,2,"#377eb8"
"541",1.21358809818447,2.3610269086516,2,"#377eb8"
"542",1.6877144360459,3.53031741285709,2,"#377eb8"
"543",2.46426554100232,5.50987039378229,2,"#377eb8"
"544",0.628407978829163,1.2254452440552,2,"#377eb8"
"545",1.66442880936331,4.81799703327173,2,"#377eb8"
"546",0.78415374810055,1.44022115798553,2,"#377eb8"
"547",0.318469431112578,0.873153503563268,2,"#377eb8"
"548",0.292145812641475,2.20767304397584,2,"#377eb8"
"549",1.11311484224756,2.90363136259307,2,"#377eb8"
"550",0.567912858382794,1.61945376585031,2,"#377eb8"
"551",0.774202139841584,1.39279123089516,2,"#377eb8"
"552",1.39071194874922,3.91528875776516,2,"#377eb8"
"553",1.1936086370438,1.81200508535862,2,"#377eb8"
"554",0.898792048726708,1.88528061454639,2,"#377eb8"
"555",0.874598968975117,2.00817758925288,2,"#377eb8"
"556",0.960359151092975,1.54253191467066,2,"#377eb8"
"557",0.472017982517824,1.58161353821709,2,"#377eb8"
"558",1.7336336749052,4.45055887846992,2,"#377eb8"
"559",2.30891372923478,1.23142065559188,2,"#377eb8"
"560",1.50131207182029,4.31529179020063,2,"#377eb8"
"561",1.03460633005999,2.95054817658084,2,"#377eb8"
"562",1.43957769580542,1.83988751788311,2,"#377eb8"
"563",0.677398599046216,1.81134806708237,2,"#377eb8"
"564",0.585848046162167,1.16540798943074,2,"#377eb8"
"565",1.88351537266929,5.93350489249455,2,"#377eb8"
"566",1.60391529867335,2.85707701093418,2,"#377eb8"
"567",0.914657099358464,1.53903191987004,2,"#377eb8"
"568",2.70139839277742,3.49669226879148,2,"#377eb8"
"569",0.789397945425486,1.29511958301977,2,"#377eb8"
"570",0.671564165869436,2.9975996441667,2,"#377eb8"
"571",0.980003247038552,3.51936111159473,2,"#377eb8"
"572",3.56956047220525,8.17149512028401,2,"#377eb8"
"573",0.659993331563839,0.351544492137911,2,"#377eb8"
"574",0.568159679675828,1.74177580809355,2,"#377eb8"
"575",0.355336490454215,0.447845752967174,2,"#377eb8"
"576",0.0561495054845114,0.6858079390455,2,"#377eb8"
"577",1.02750004080295,3.093922001503,2,"#377eb8"
"578",0.879527407256682,5.05802188818323,2,"#377eb8"
"579",0.612476247298278,1.30607304115972,2,"#377eb8"
"580",1.73079394513905,4.60115778417641,2,"#377eb8"
"581",1.06013213343841,1.58143119149491,2,"#377eb8"
"582",0.320314667435789,0.986920472120526,2,"#377eb8"
"583",0.736278086533907,1.84723822508978,2,"#377eb8"
"584",0.367549608479868,0.196023873199246,2,"#377eb8"
"585",1.25847569025228,1.84942133788196,2,"#377eb8"
"586",0.37578853240286,1.62578991114597,2,"#377eb8"
"587",0.629253574302223,1.52754407216384,2,"#377eb8"
"588",0.388231832130196,1.07241412651034,2,"#377eb8"
"589",0.852969953531642,1.79709174094974,2,"#377eb8"
"590",1.33255699908963,4.33182300098017,2,"#377eb8"
"591",2.15541350876055,4.49334589305584,2,"#377eb8"
"592",0.356106331507182,0.71089557238689,2,"#377eb8"
"593",0.627283831077463,1.01240742926678,2,"#377eb8"
"594",1.89576548090449,4.05157207682615,2,"#377eb8"
"595",0.456349425757378,1.34873308820159,2,"#377eb8"
"596",0.107498823709716,0.742547071116237,2,"#377eb8"
"597",1.85782138888794,4.2132370487287,2,"#377eb8"
"598",0.849313222265705,2.03741393652117,2,"#377eb8"
"599",0.489489951842799,1.53223336473863,2,"#377eb8"
"600",0.702249165855828,1.41741534770876,2,"#377eb8"
"601",1.25883294230228,3.94208911393967,2,"#377eb8"
"602",2.35760375030258,4.19789913322943,2,"#377eb8"
"603",0.329986977055622,1.02484676886784,2,"#377eb8"
"604",1.6036226720556,1.69252110791841,2,"#377eb8"
"605",0.323358187027482,1.09482625397111,2,"#377eb8"
"606",1.17799151791535,1.14318615769973,2,"#377eb8"
"607",0.499627218008188,1.12737667886219,2,"#377eb8"
"608",0.578874373144411,1.52913311787318,2,"#377eb8"
"609",1.11209124351493,1.76330787578892,2,"#377eb8"
"610",0.180294739661215,0.431235257393778,2,"#377eb8"
"611",0.372298498832006,0.785022407366718,2,"#377eb8"
"612",0.484842698599763,0.652985399936747,2,"#377eb8"
"613",0.331544873934109,0.600684621985307,2,"#377eb8"
"614",0.648092705427798,1.46827164683983,2,"#377eb8"
"615",0.438182488739687,0.893878978735448,2,"#377eb8"
"616",0.625383003481176,1.98271671233645,2,"#377eb8"
"617",0.591274626300653,0.703050266936805,2,"#377eb8"
"618",1.12872478035819,3.01748690794793,2,"#377eb8"
"619",0.457464728335447,0.998185366099353,2,"#377eb8"
"620",3.67799371324695,3.1481328737221,2,"#377eb8"
"621",0.638334100429988,0.318343605143123,2,"#377eb8"
"622",0.636965667860645,2.28647367012734,2,"#377eb8"
"623",0.409530904788939,1.53158900299977,2,"#377eb8"
"624",0.784616573395702,0.955612288227136,2,"#377eb8"
"625",0.303947957752219,0.836422911971088,2,"#377eb8"
"626",0.93408232737698,1.67576661816361,2,"#377eb8"
"627",1.11103637128,2.14992653272472,2,"#377eb8"
"628",0.587053081990696,2.0638423451131,2,"#377eb8"
"629",0.796635286283894,1.80542526619462,2,"#377eb8"
"630",0.883860505725605,2.87876787153167,2,"#377eb8"
"631",0.722235781980428,1.18437520013307,2,"#377eb8"
"632",0.519743747838068,0.750961921446391,2,"#377eb8"
"633",0.74617219062989,1.58976496438701,2,"#377eb8"
"634",1.6702199070795,2.97566072161995,2,"#377eb8"
"635",0.5637291059013,1.97258839617263,2,"#377eb8"
"636",0.0814862422288121,1.10671966947216,2,"#377eb8"
"637",0.636182999664872,1.85958836419167,2,"#377eb8"
"638",1.36836926177553,1.59988559029951,2,"#377eb8"
"639",1.39168886409633,2.9044126804897,2,"#377eb8"
"640",0.300785767926026,0.856491297669978,2,"#377eb8"
"641",1.6725339249124,2.44520014803063,2,"#377eb8"
"642",0.697039898910613,1.50934476868256,2,"#377eb8"
"643",1.54799668624014,2.93734075982194,2,"#377eb8"
"644",0.992910628886771,3.82041643952535,2,"#377eb8"
"645",0.984567957363902,1.1150166302961,2,"#377eb8"
"646",0.781452605172483,1.83614289552932,2,"#377eb8"
"647",0.754982464642081,2.16812579718289,2,"#377eb8"
"648",2.18732794444272,3.45655428699333,2,"#377eb8"
"649",0.661317496787029,1.71065983569805,2,"#377eb8"
"650",0.491455354269948,0.262109523242572,2,"#377eb8"
"651",2.41474915397092,5.39169727049297,2,"#377eb8"
"652",0.278967706356158,1.03631524629258,2,"#377eb8"
"653",2.52056357902167,2.14296580211767,2,"#377eb8"
"654",1.02654912628839,1.37633149953915,2,"#377eb8"
"655",1.67510910090892,1.91373821970636,2,"#377eb8"
"656",2.06801071543176,3.6477816804067,2,"#377eb8"
"657",1.11723113100555,2.73210871324969,2,"#377eb8"
"658",0.810940690698647,2.5810761645966,2,"#377eb8"
"659",0.601335813086508,0.320712433646138,2,"#377eb8"
"660",1.44007396672724,2.89602438416651,2,"#377eb8"
"661",1.12437499138405,1.01430990796428,2,"#377eb8"
"662",0.292452130304711,1.38982832732241,2,"#377eb8"
"663",0.444246438580098,1.11675258077051,2,"#377eb8"
"664",1.89633917349793,4.09132736643387,2,"#377eb8"
"665",0.59976764117908,1.89080396576931,2,"#377eb8"
"666",2.43822423510709,5.28095622259399,2,"#377eb8"
"667",1.69364477809649,3.77792446599214,2,"#377eb8"
"668",0.448895311941273,1.13923620004999,2,"#377eb8"
"669",3.92523018422105,5.6597815191394,2,"#377eb8"
"670",1.26415057926867,2.71251522439015,2,"#377eb8"
"671",1.59358884666005,4.29974460097384,2,"#377eb8"
"672",0.666003424331437,1.5556740824203,2,"#377eb8"
"673",1.12383366161532,2.08864978887516,2,"#377eb8"
"674",0.561868837134311,1.34865843684927,2,"#377eb8"
"675",0.809062978973037,2.6295950338363,2,"#377eb8"
"676",0.768638892875166,1.59779599552752,2,"#377eb8"
"677",0.493197389917743,1.02452714236053,2,"#377eb8"
"678",0.739192281348777,1.5299883161405,2,"#377eb8"
"679",1.71359006296456,1.70906164796336,2,"#377eb8"
"680",1.90111154279397,4.76796418731468,2,"#377eb8"
"681",0.0941565232145484,0.274373843417585,2,"#377eb8"
"682",2.91373667986594,5.90034473851318,2,"#377eb8"
"683",1.62133893189439,1.75075051017267,2,"#377eb8"
"684",0.574759991292452,1.36153512880087,2,"#377eb8"
"685",1.31199145278454,1.72841024330623,2,"#377eb8"
"686",0.797642380709463,2.85243926674635,2,"#377eb8"
"687",0.343521398447436,1.12328190954751,2,"#377eb8"
"688",0.379900561266355,1.36613966073641,2,"#377eb8"
"689",0.861148455409955,1.25937658810785,2,"#377eb8"
"690",0.873522896889985,1.47345559495722,2,"#377eb8"
"691",1.08685589263746,1.09836106924548,2,"#377eb8"
"692",2.37938426297009,4.62995847609429,2,"#377eb8"
"693",0.588087010284603,1.39746891930663,2,"#377eb8"
"694",0.794567855825582,2.37617283200389,2,"#377eb8"
"695",0.994998208331266,2.48700543006257,2,"#377eb8"
"696",0.778903310503602,2.57037959957422,2,"#377eb8"
"697",0.721236154520048,2.31052944990642,2,"#377eb8"
"698",0.570791922817543,1.43573778456317,2,"#377eb8"
"699",0.951869082284881,1.32573944497544,2,"#377eb8"
"700",0.20157327082701,0.497437435943242,2,"#377eb8"
"701",0.595236375174738,0.317459400093194,2,"#377eb8"
"702",1.1121805784195,4.15051014361347,2,"#377eb8"
"703",1.02352814952781,6.68574419150942,2,"#377eb8"
"704",3.71697722919007,1.88708291158907,2,"#377eb8"
"705",0.586992529487796,2.44251098483137,2,"#377eb8"
"706",0.714906544861671,0.377326574416327,2,"#377eb8"
"707",1.48217129406437,2.84840010057864,2,"#377eb8"
"708",0.591330453816659,1.34416870696347,2,"#377eb8"
"709",0.717999899204254,2.34241402004053,2,"#377eb8"
"710",1.38519018073047,2.62069725797201,2,"#377eb8"
"711",0.188991997975578,0.100795732253641,2,"#377eb8"
"712",2.81139795795434,6.01680851042856,2,"#377eb8"
"713",0.672480229760209,0.358656122538778,2,"#377eb8"
"714",0.456445813971108,0.243437674523728,2,"#377eb8"
"715",0.606130250448607,2.06857505189079,2,"#377eb8"
"716",0.370633979523508,0.781978042453248,2,"#377eb8"
"717",0.527145113315974,1.04756537129764,2,"#377eb8"
"718",1.01657304456558,2.08632577650763,2,"#377eb8"
"719",2.64202466196961,5.37672663967308,2,"#377eb8"
"720",2.32023578025827,1.96142910067364,2,"#377eb8"
"721",2.09066227259741,2.82927778801394,2,"#377eb8"
"722",0.993190861565143,3.58976641539686,2,"#377eb8"
"723",1.3791375418095,3.32312355478252,2,"#377eb8"
"724",0.784674259993079,1.87771992047736,2,"#377eb8"
"725",0.693562571463246,1.35334768032553,2,"#377eb8"
"726",3.00397857779429,6.13532545250291,2,"#377eb8"
"727",0.817624423371521,1.03563691130272,2,"#377eb8"
"728",0.262481849599222,0.790076685502218,2,"#377eb8"
"729",0.685404745028502,1.09878567696545,2,"#377eb8"
"730",0.558910639862168,1.48206780427396,2,"#377eb8"
"731",1.57227951809909,4.67215166949049,2,"#377eb8"
"732",1.52315848599427,4.48281849046106,2,"#377eb8"
"733",2.04110897784604,6.313729559608,2,"#377eb8"
"734",1.48710051694848,2.3762935781656,2,"#377eb8"
"735",0.141297435274241,0.217444888115099,2,"#377eb8"
"736",0.66223401711373,2.66633527139561,2,"#377eb8"
"737",1.07208493187461,2.53221361491329,3,"#4daf4a"
"738",0.243270644004201,0.55562470737321,3,"#4daf4a"
"739",0.370113871395183,1.03797827721069,3,"#4daf4a"
"740",0.635781214425081,0.339083314378436,3,"#4daf4a"
"741",0.619323862682405,0.520703166428803,3,"#4daf4a"
"742",0.991478401167015,1.54467135604661,3,"#4daf4a"
"743",0.308154145314127,0.391900089865294,3,"#4daf4a"
"744",0.733113096229104,0.390993651322189,3,"#4daf4a"
"745",0.702002575076836,1.72385075506042,3,"#4daf4a"
"746",0.80100940661465,2.50701100068873,3,"#4daf4a"
"747",0.486662502076814,1.70887856279599,3,"#4daf4a"
"748",0.931143431270182,0.496608027147593,3,"#4daf4a"
"749",0.712166945872604,1.99678228062175,3,"#4daf4a"
"750",0.541984099874937,1.17056592378575,3,"#4daf4a"
"751",0.123779735229183,0.0958220199000001,3,"#4daf4a"
"752",0.942053246957841,1.88775832284988,3,"#4daf4a"
"753",0.66749295558402,0.317197878138999,3,"#4daf4a"
"754",0.680282381053837,0.36281726989538,3,"#4daf4a"
"755",0.703184633971121,1.54796228755605,3,"#4daf4a"
"756",0.643112017256984,0.342983536570831,3,"#4daf4a"
"757",1.138145011286,1.42623423534843,3,"#4daf4a"
"758",0.355153046764992,0.18030839628156,3,"#4daf4a"
"759",3.91521483617726,6.52288796638197,3,"#4daf4a"
"760",0.44292399363118,0.213003175988878,3,"#4daf4a"
"761",0.373417172105465,0.514558080340904,3,"#4daf4a"
"762",2.01414071404615,4.21732220250073,3,"#4daf4a"
"763",0.61272125319913,0.326784668438453,3,"#4daf4a"
"764",0.619920573352949,0.33062430578824,3,"#4daf4a"
"765",1.04757957638905,1.35203342439663,3,"#4daf4a"
"766",1.50400802542324,3.60849786550628,3,"#4daf4a"
"767",0.903711381912651,0.481979403712639,3,"#4daf4a"
"768",1.91649083124782,5.41138438327468,3,"#4daf4a"
"769",0.562155553199926,0.29981629503996,3,"#4daf4a"
"770",0.868058107596021,1.33796349385468,3,"#4daf4a"
"771",0.990616826285207,1.60583054371024,3,"#4daf4a"
"772",1.01230486287962,2.14130105205484,3,"#4daf4a"
"773",0.383475893859138,0.841075143054269,3,"#4daf4a"
"774",0.345375447372009,0.166840744735177,3,"#4daf4a"
"775",0.452635528187112,0.229799840105978,3,"#4daf4a"
"776",2.4131494625564,3.94249650661674,3,"#4daf4a"
"777",0.589352307255438,0.314321230536233,3,"#4daf4a"
"778",0.299860411703823,0.900529677015409,3,"#4daf4a"
"779",0.175004991960724,0.487799246651546,3,"#4daf4a"
"780",0.589818000435588,0.314569600248223,3,"#4daf4a"
"781",0.614947872056478,0.327972198447869,3,"#4daf4a"
"782",1.67609456352783,2.52452425715724,3,"#4daf4a"
"783",1.18053090348846,2.72330624604819,3,"#4daf4a"
"784",1.61406365341195,2.03601104384408,3,"#4daf4a"
"785",1.25134398129998,2.00607027806261,3,"#4daf4a"
"786",0.623889911282223,1.22112445065819,3,"#4daf4a"
"787",0.329089952408323,0.854049273485603,3,"#4daf4a"
"788",1.05197905949457,0.718587922742964,3,"#4daf4a"
"789",1.11676466943063,1.16903654403136,3,"#4daf4a"
"790",0.795058055021632,2.06842512918394,3,"#4daf4a"
"791",0.177626870173179,0.94454653206434,3,"#4daf4a"
"792",0.350736874945208,0.670274605679622,3,"#4daf4a"
"793",0.262647149594508,0.801308998223322,3,"#4daf4a"
"794",1.07490714318496,2.01579050874163,3,"#4daf4a"
"795",0.754872441800983,0.402598635627191,3,"#4daf4a"
"796",1.16158802723014,2.60980388644936,3,"#4daf4a"
"797",0.534044522642237,1.1420253403226,3,"#4daf4a"
"798",0.686464892786046,1.50182424234301,3,"#4daf4a"
"799",0.704608470262583,0.997041920793908,3,"#4daf4a"
"800",1.55110531821675,4.45249551902146,3,"#4daf4a"
"801",0.18532381422844,0.134900103660837,3,"#4daf4a"
"802",0.719862127777915,0.365467185114228,3,"#4daf4a"
"803",1.12828893779245,2.92548327034365,3,"#4daf4a"
"804",0.681678889683882,2.45488056593884,3,"#4daf4a"
"805",0.260583290954501,0.924857589591925,3,"#4daf4a"
"806",1.01262985936027,1.83062189129885,3,"#4daf4a"
"807",0.381920187792854,1.18115260407566,3,"#4daf4a"
"808",0.83695293296957,1.56577007651403,3,"#4daf4a"
"809",0.561631309354107,1.24108379786628,3,"#4daf4a"
"810",0.598503011798683,1.33744222202355,3,"#4daf4a"
"811",1.29404708758736,2.00145555166848,3,"#4daf4a"
"812",0.25104939401129,0.1812861762,3,"#4daf4a"
"813",0.798495480318813,0.421008816257467,3,"#4daf4a"
"814",0.624767130926673,0.333209136494226,3,"#4daf4a"
"815",1.080663286121,1.3018115582443,3,"#4daf4a"
"816",0.551890429007634,0.294341564171582,3,"#4daf4a"
"817",0.938013443888922,1.16478801582384,3,"#4daf4a"
"818",0.258730111838782,0.500805611501154,3,"#4daf4a"
"819",0.696490309985235,2.05591665082509,3,"#4daf4a"
"820",1.51278053368749,2.66036682736348,3,"#4daf4a"
"821",0.341041680327706,1.00369119416885,3,"#4daf4a"
"822",0.344171524042462,1.20082491192121,3,"#4daf4a"
"823",0.946224257631892,1.77347431903499,3,"#4daf4a"
"824",0.556844126834109,0.296983534327052,3,"#4daf4a"
"825",0.921033862205656,2.70168119193751,3,"#4daf4a"
"826",0.497309627370037,0.252480805157155,3,"#4daf4a"
"827",1.65519341657566,2.1299745833872,3,"#4daf4a"
"828",1.09831538557259,3.09457028259667,3,"#4daf4a"
"829",0.320024453478544,0.571307960284273,3,"#4daf4a"
"830",0.549478207294266,0.73426503723775,3,"#4daf4a"
"831",0.66336783322111,0.872084000829934,3,"#4daf4a"
"832",0.7621230567044,1.25024491842629,3,"#4daf4a"
"833",0.67715599403421,1.10330193712312,3,"#4daf4a"
"834",0.622703430679106,0.332096920723596,3,"#4daf4a"
"835",0.593824365129752,0.316646936630033,3,"#4daf4a"
"836",0.188031142353019,1.2933258802779,3,"#4daf4a"
"837",1.88412808232903,3.40152639806375,3,"#4daf4a"
"838",0.57027390146791,0.304142707293316,3,"#4daf4a"
"839",1.00483381969182,2.51035476538336,3,"#4daf4a"
"840",0.053351674476898,0.307006564852054,3,"#4daf4a"
"841",0.356708170852482,0.590773471623489,3,"#4daf4a"
"842",1.20796813566359,1.16377982991862,3,"#4daf4a"
"843",0.463579048997261,1.0947375887512,3,"#4daf4a"
"844",0.274033663514024,0.372567409915794,3,"#4daf4a"
"845",0.865744254359263,1.43322966431477,3,"#4daf4a"
"846",0.970864052812958,1.26821091966184,3,"#4daf4a"
"847",1.14884318312719,1.05665522928372,3,"#4daf4a"
"848",0.793149730469804,1.34700054722896,3,"#4daf4a"
"849",0.519197374298584,1.29404627464587,3,"#4daf4a"
"850",0.309064517526233,0.156909862133672,3,"#4daf4a"
"851",0.393628680700475,1.59587392271573,3,"#4daf4a"
"852",0.330495731111953,0.798563833793236,3,"#4daf4a"
"853",1.13832613571156,1.40415433941045,3,"#4daf4a"
"854",0.77914552430632,2.84169946292447,3,"#4daf4a"
"855",0.597370448222924,1.37734133185236,3,"#4daf4a"
"856",1.99137183032178,1.50589722125448,3,"#4daf4a"
"857",0.427108234442771,0.951420748558096,3,"#4daf4a"
"858",0.373297145228602,0.6364025461436,3,"#4daf4a"
"859",0.761392448207315,0.571943390774119,3,"#4daf4a"
"860",0.214975439364236,0.595181739214584,3,"#4daf4a"
"861",0.431253784756447,0.932467694091187,3,"#4daf4a"
"862",0.253941316008995,0.198934356868621,3,"#4daf4a"
"863",0.522421558083834,0.265229711555239,3,"#4daf4a"
"864",0.402081145277922,0.191388371864915,3,"#4daf4a"
"865",0.213275626874398,0.185154714531511,3,"#4daf4a"
"866",0.285825844636989,0.825175011429421,3,"#4daf4a"
"867",0.357467171050359,0.90950685239477,3,"#4daf4a"
"868",0.708093910845956,1.90495455403517,3,"#4daf4a"
"869",0.650085314395924,0.346712167677826,3,"#4daf4a"
"870",0.122710356709651,0.771400746599267,3,"#4daf4a"
"871",0.631458307462882,1.3771773969643,3,"#4daf4a"
"872",0.4637306917626,0.898004918114512,3,"#4daf4a"
"873",0.501547807112608,1.57918836048439,3,"#4daf4a"
"874",0.988639357572355,1.71691174197774,3,"#4daf4a"
"875",0.46121991254903,1.15274167458765,3,"#4daf4a"
"876",0.436370017475482,0.601070976863143,3,"#4daf4a"
"877",0.725799731610133,1.30473457427214,3,"#4daf4a"
"878",0.19807750775309,0.155057684961431,3,"#4daf4a"
"879",0.789716393010208,2.32891085383962,3,"#4daf4a"
"880",0.394572634080983,0.193787325039543,3,"#4daf4a"
"881",1.08250028930483,3.33320936669713,3,"#4daf4a"
"882",0.841818563815853,1.29218634348647,3,"#4daf4a"
"883",0.290589086667043,0.866536534840055,3,"#4daf4a"
"884",0.526576458397558,1.66837844111252,3,"#4daf4a"
"885",0.128497384199986,0.629871356212015,3,"#4daf4a"
"886",0.272712544424393,0.422667141099358,3,"#4daf4a"
"887",0.885773455699145,2.52980531357219,3,"#4daf4a"
"888",0.651831959506734,0.347643711749861,3,"#4daf4a"
"889",0.827009799360401,0.441071893012558,3,"#4daf4a"
"890",1.36869833073187,1.68361192034643,3,"#4daf4a"
"891",1.68318811778663,3.38239076107291,3,"#4daf4a"
"892",0.648253475946416,0.345735187171422,3,"#4daf4a"
"893",0.403348674123579,1.15186073677326,3,"#4daf4a"
"894",0.263864880833439,0.343969323583085,3,"#4daf4a"
"895",0.677552402454428,0.361361281309028,3,"#4daf4a"
"896",0.559983315841691,2.11466318550784,3,"#4daf4a"
"897",0.452256493270002,1.05623674080621,3,"#4daf4a"
"898",0.712367512646639,0.379929340100867,3,"#4daf4a"
"899",0.0407277610755219,0.285663185733661,3,"#4daf4a"
"900",0.235175158328632,0.361513223777078,3,"#4daf4a"
"901",1.12649754079134,2.15617608656605,3,"#4daf4a"
"902",0.289884382044063,0.758368478215851,3,"#4daf4a"
"903",0.613485096400782,0.872092860980467,3,"#4daf4a"
"904",0.879903141682662,1.70110361569046,3,"#4daf4a"
"905",0.605488400845742,0.322927148787289,3,"#4daf4a"
"906",0.349375197996003,0.497745315109442,3,"#4daf4a"
"907",1.4798330983834,4.25377499243985,3,"#4daf4a"
"908",0.49715105543043,0.991269941311081,3,"#4daf4a"
"909",0.992064144786364,1.07384680211708,3,"#4daf4a"
"910",0.501372345390605,1.76033648530177,3,"#4daf4a"
"911",0.379954675469816,0.455593667450831,3,"#4daf4a"
"912",0.382561813304372,0.960584316696468,3,"#4daf4a"
"913",0.466943701989254,1.37820480747318,3,"#4daf4a"
"914",0.375880540331996,2.21600814315543,3,"#4daf4a"
"915",1.90301524012522,2.51723505699567,3,"#4daf4a"
"916",0.666342908903489,1.79496604859813,3,"#4daf4a"
"917",3.86204572593307,5.05498866979782,3,"#4daf4a"
"918",1.01398288095343,1.0347903885898,3,"#4daf4a"
"919",2.25019512807475,2.98148639363488,3,"#4daf4a"
"920",0.767750993467633,1.10484592430941,3,"#4daf4a"
"921",0.648423927767222,2.0351306808202,3,"#4daf4a"
"922",1.0658493540631,1.57605300015515,3,"#4daf4a"
"923",0.449325239651466,0.813290697543257,3,"#4daf4a"
"924",2.05010909130054,2.79549465295672,3,"#4daf4a"
"925",1.37221747459707,3.96393755766635,3,"#4daf4a"
"926",0.58313472086439,3.87107311541563,3,"#4daf4a"
"927",0.561782495106522,0.615181458747376,3,"#4daf4a"
"928",0.472457863557226,0.70199001172675,3,"#4daf4a"
"929",0.243077333485194,0.628288738206789,3,"#4daf4a"
"930",0.51339714106742,1.14382326958296,3,"#4daf4a"
"931",3.24680508499407,4.01979886229162,3,"#4daf4a"
"932",0.649971569074056,1.17471728084103,3,"#4daf4a"
"933",2.12754356323508,3.51335623033965,3,"#4daf4a"
"934",0.376534109429912,0.742942605579544,3,"#4daf4a"
"935",0.596231614566807,0.317577267772663,3,"#4daf4a"
"936",0.0754780801547949,0.285931121082267,3,"#4daf4a"
"937",0.428656690336522,0.839593499878791,3,"#4daf4a"
"938",0.628649401089778,0.335279680581215,3,"#4daf4a"
"939",0.294163075051831,0.702591299475597,3,"#4daf4a"
"940",0.840309317771496,1.84287491764462,3,"#4daf4a"
"941",0.68454086124615,1.64586636597213,3,"#4daf4a"
"942",0.483845198477143,1.35837535645262,3,"#4daf4a"
"943",0.600802834772411,0.317658494245235,3,"#4daf4a"
"944",0.686157746757759,0.365936341956871,3,"#4daf4a"
"945",0.592480951830399,1.45343361268811,3,"#4daf4a"
"946",1.11212853066515,3.50638880534868,3,"#4daf4a"
"947",0.214302876063814,0.612067440870018,3,"#4daf4a"
"948",1.74661575474781,2.51596679726656,3,"#4daf4a"
"949",1.16051508261044,1.61458404927047,3,"#4daf4a"
"950",0.981833771233435,2.34360157847089,3,"#4daf4a"
"951",0.0351712502693705,0.106188526034136,3,"#4daf4a"
"952",0.114416218735073,0.367163351038569,3,"#4daf4a"
"953",0.437763428447202,0.753396462977223,3,"#4daf4a"
"954",0.561461178481826,0.299372565378737,3,"#4daf4a"
"955",0.476569429350637,0.979288361416626,3,"#4daf4a"
"956",0.670720751294981,2.37070741859054,3,"#4daf4a"
"957",0.671910891971626,1.14508811111936,3,"#4daf4a"
"958",0.345299856953363,0.862004622068724,3,"#4daf4a"
"959",0.445705123762697,0.651554025992665,3,"#4daf4a"
"960",0.309378815111179,0.676746606087546,3,"#4daf4a"
"961",0.678484473658665,1.87252230035095,3,"#4daf4a"
"962",0.592936743275032,0.316232924558654,3,"#4daf4a"
"963",0.400407390001304,0.894622859091318,3,"#4daf4a"
"964",0.305519101252473,0.29875909421207,3,"#4daf4a"
"965",0.739082338426881,0.377261800840464,3,"#4daf4a"
"966",0.512079027023435,1.05829149010498,3,"#4daf4a"
"967",1.34966741920743,2.40280914916272,3,"#4daf4a"
"968",1.58053709018076,2.6404506759972,3,"#4daf4a"
"969",0.409852851548931,1.88673520626541,3,"#4daf4a"
"970",4.43862424199433,4.68965735671044,3,"#4daf4a"
"971",0.90118266158438,1.47639958740164,3,"#4daf4a"
"972",0.193713067909533,0.406193882906179,3,"#4daf4a"
"973",0.785663054373812,2.20607382651359,3,"#4daf4a"
"974",1.60695079743388,1.2405507359081,3,"#4daf4a"
"975",0.659694193603083,0.351836903254977,3,"#4daf4a"
"976",0.84925588640164,0.452936474363563,3,"#4daf4a"
"977",0.416532399336034,0.702296982904653,3,"#4daf4a"
"978",1.26425628090938,2.63300585185789,3,"#4daf4a"
"979",0.610818142751875,0.325769676134334,3,"#4daf4a"
"980",1.94606679175073,2.37518128295171,3,"#4daf4a"
"981",1.62290654752336,2.01454362716545,3,"#4daf4a"
"982",0.314838535035591,0.620277342099016,3,"#4daf4a"
"983",0.583423212126751,2.72792614192163,3,"#4daf4a"
"984",0.378628506314075,0.80808416367957,3,"#4daf4a"
"985",1.00676971881986,1.22496734718542,3,"#4daf4a"
"986",0.703162872785675,2.61734370521658,3,"#4daf4a"
"987",1.47966176024528,2.0080045546542,3,"#4daf4a"
"988",0.387946961124171,1.24677105380982,3,"#4daf4a"
"989",0.690314374422509,0.367528026494866,3,"#4daf4a"
"990",0.988109193552263,2.36568602316873,3,"#4daf4a"
"991",1.33341943644449,3.51319390794599,3,"#4daf4a"
"992",0.858891286871037,1.96139316798869,3,"#4daf4a"
"993",1.28641118576356,2.20290811871474,3,"#4daf4a"
"994",1.02874327702803,2.74282319206548,3,"#4daf4a"
"995",0.816292807749386,0.435356164133006,3,"#4daf4a"
"996",0.416616544562931,0.771757517444196,3,"#4daf4a"
"997",0.507506181259184,1.1323100924658,3,"#4daf4a"
"998",1.72738457674959,3.43381497180007,3,"#4daf4a"
"999",0.832906046482895,1.55890637792411,3,"#4daf4a"
"1000",0.366796921760781,0.697344112048132,3,"#4daf4a"
"1001",0.321771070062008,1.20708951027817,3,"#4daf4a"
"1002",0.481664907731512,0.721364462163264,3,"#4daf4a"
"1003",0.15006515573443,0.388912786336504,3,"#4daf4a"
"1004",0.302086517102914,1.13120198009879,3,"#4daf4a"
"1005",0.764950372812249,1.48347549224403,3,"#4daf4a"
"1006",0.948990974512324,2.47811611361934,3,"#4daf4a"
"1007",0.94021355875884,2.08117443869114,3,"#4daf4a"
"1008",1.05969206535642,2.33894519810644,3,"#4daf4a"
"1009",1.66552233235136,1.82028885918665,3,"#4daf4a"
"1010",0.669338104139494,1.48792738523376,3,"#4daf4a"
"1011",1.28987801203221,2.91385773599835,3,"#4daf4a"
"1012",0.205102207050806,0.378208933225547,3,"#4daf4a"
"1013",0.478974331785675,1.47413815615061,3,"#4daf4a"
"1014",0.953704016167419,1.50705899414031,3,"#4daf4a"
"1015",0.815886524946352,1.70933717687572,3,"#4daf4a"
"1016",0.368777138081329,1.04809283851702,3,"#4daf4a"
"1017",0.230369710502743,0.132544822609434,3,"#4daf4a"
"1018",0.300545853576166,0.160291121907289,3,"#4daf4a"
"1019",0.902796250963721,0.481491333847318,3,"#4daf4a"
"1020",0.341268439519686,0.756647169643886,3,"#4daf4a"
"1021",0.622633469473064,0.439165456095653,3,"#4daf4a"
"1022",0.475834592083187,1.34549645827199,3,"#4daf4a"
"1023",0.256818788090552,0.127782080840638,3,"#4daf4a"
"1024",0.53096490900567,0.283181284803024,3,"#4daf4a"
"1025",1.25739037396729,3.82942745820958,3,"#4daf4a"
"1026",1.10121349866747,0.58731386598487,3,"#4daf4a"
"1027",1.43026706277416,0.762808922065838,3,"#4daf4a"
"1028",0.751383304715506,1.21540736471785,3,"#4daf4a"
"1029",0.934492657236885,1.64240902331737,3,"#4daf4a"
"1030",0.499311035791668,2.24308281464461,3,"#4daf4a"
"1031",1.25502551630852,1.66378832113147,3,"#4daf4a"
"1032",0.330361304537452,1.46362657781313,3,"#4daf4a"
"1033",1.26986091650479,2.57718734460489,3,"#4daf4a"
"1034",0.665664531982838,1.01702884004611,3,"#4daf4a"
"1035",0.484441148454936,0.393269787261927,3,"#4daf4a"
"1036",0.383720880969829,1.03623038421282,3,"#4daf4a"
"1037",0.622122633094542,0.871785421575081,3,"#4daf4a"
"1038",0.191636477916516,0.96331032241901,3,"#4daf4a"
"1039",0.736184341001746,0.382901057052283,3,"#4daf4a"
"1040",1.02410633068632,2.22282711717096,3,"#4daf4a"
"1041",0.66366166494719,0.761182187429674,3,"#4daf4a"
"1042",0.182792387558257,0.602658547457607,3,"#4daf4a"
"1043",1.68318111038111,0.89769659220326,3,"#4daf4a"
"1044",0.397717231539816,0.410587693886568,3,"#4daf4a"
"1045",0.318827636908621,0.722163702180386,3,"#4daf4a"
"1046",0.35187634420536,0.71797001490679,3,"#4daf4a"
"1047",0.675198908940226,1.24061156419073,3,"#4daf4a"
"1048",0.390523265112834,0.893039318185225,3,"#4daf4a"
"1049",0.250929574012922,0.719801240156191,3,"#4daf4a"
"1050",0.699856583524783,2.35725317626246,3,"#4daf4a"
"1051",0.219746651678362,0.752390506893419,3,"#4daf4a"
"1052",0.592220866335098,0.315851128712052,3,"#4daf4a"
"1053",3.04843401693529,2.85473722202411,3,"#4daf4a"
"1054",1.37073132794319,2.95010317948905,3,"#4daf4a"
"1055",1.41689765549476,2.55441490970121,3,"#4daf4a"
"1056",1.23273589132111,1.2208349900027,3,"#4daf4a"
"1057",0.0492706652986811,0.345582056627403,3,"#4daf4a"
"1058",0.469098423873195,0.454319167954595,3,"#4daf4a"
"1059",1.04655664613605,0.558163544661346,3,"#4daf4a"
"1060",0.54876852253605,0.29267654535256,3,"#4daf4a"
"1061",0.302574113708598,0.143811413683105,3,"#4daf4a"
"1062",0.810122650944193,1.82136436571304,3,"#4daf4a"
"1063",2.69133771818148,4.47245494285447,3,"#4daf4a"
"1064",1.15076816581775,2.66523042886749,3,"#4daf4a"
"1065",0.905975884387307,2.1790568928097,3,"#4daf4a"
"1066",0.580859033282033,0.309791484939979,3,"#4daf4a"
"1067",1.25526593895881,2.6578578345596,3,"#4daf4a"
"1068",2.75756327407321,4.98642455271799,3,"#4daf4a"
"1069",0.393419313520333,0.772477745614952,3,"#4daf4a"
"1070",0.225127734861571,2.0404381951336,3,"#4daf4a"
"1071",1.22012304776449,0.951227469771447,3,"#4daf4a"
"1072",0.155898105276987,0.442750174910267,3,"#4daf4a"
"1073",0.190696512824239,0.0942618801382518,3,"#4daf4a"
"1074",1.00873003248125,2.42368483420839,3,"#4daf4a"
"1075",0.631359803987079,0.336725228975537,3,"#4daf4a"
"1076",0.63661042270328,2.75164577984699,3,"#4daf4a"
"1077",0.344472661503661,0.372337298933785,3,"#4daf4a"
"1078",0.558557623709839,0.297897399311914,3,"#4daf4a"
"1079",1.30791943451225,3.1657085293624,3,"#4daf4a"
"1080",0.817468045597828,2.73213093077288,3,"#4daf4a"
"1081",0.356800301885377,0.29333418679221,3,"#4daf4a"
"1082",2.03377962499178,4.26660865169215,3,"#4daf4a"
"1083",0.738797030930937,1.40326557620073,3,"#4daf4a"
"1084",0.278826112005276,0.343775816987742,3,"#4daf4a"
"1085",0.459623592168519,0.659184526895507,3,"#4daf4a"
"1086",0.763781959500775,2.35740900199444,3,"#4daf4a"
"1087",1.77121571800313,2.81601236535591,3,"#4daf4a"
"1088",1.359158401019,4.2369027661535,3,"#4daf4a"
"1089",0.309365318468694,0.749364084601649,3,"#4daf4a"
"1090",0.20530781728173,0.981759558054673,3,"#4daf4a"
"1091",0.749933518869502,0.399964543495951,3,"#4daf4a"
"1092",1.10435813086932,2.18116716623376,3,"#4daf4a"
"1093",0.91049828971577,1.14305152261666,3,"#4daf4a"
"1094",0.37576847673008,0.604275319145842,3,"#4daf4a"
"1095",0.0975818359413436,0.31922541630601,3,"#4daf4a"
"1096",1.4343084425298,2.31659639310975,3,"#4daf4a"
"1097",1.50511572845439,2.35450333846194,3,"#4daf4a"
"1098",0.605161841689868,0.905477599899377,3,"#4daf4a"
"1099",0.669528662841645,1.69137124139301,3,"#4daf4a"
"1100",0.154215987925819,0.49736591433315,3,"#4daf4a"
"1101",0.318772150447919,0.55916095471471,3,"#4daf4a"
"1102",1.2980143532663,2.91293179643054,3,"#4daf4a"
"1103",0.303408086489247,0.222813989467804,3,"#4daf4a"
"1104",0.901659778638116,0.480885215299605,3,"#4daf4a"
"1105",1.68185000063808,2.89545889021859,3,"#4daf4a"
"1106",0.393975493256232,0.310818653005124,3,"#4daf4a"
"1107",1.58584264525197,2.8799826629297,3,"#4daf4a"
"1108",0.837898912948535,1.43160319188498,3,"#4daf4a"
"1109",0.600342696893223,0.3201827717638,3,"#4daf4a"
"1110",1.40793947080442,2.25768748884941,3,"#4daf4a"
"1111",0.209122863755832,0.545871466747011,3,"#4daf4a"
"1112",0.358430371731148,1.23765036653753,3,"#4daf4a"
"1113",0.646701596180308,0.344907517962831,3,"#4daf4a"
"1114",0.29418000516146,0.142619096017751,3,"#4daf4a"
"1115",0.805482706598322,0.42135329131842,3,"#4daf4a"
"1116",1.71562641064308,1.89328036481292,3,"#4daf4a"
"1117",0.214000160395541,0.749318442774274,3,"#4daf4a"
"1118",0.0743409214150799,0.143483209412649,3,"#4daf4a"
"1119",0.586691336173598,0.312510441904408,3,"#4daf4a"
"1120",0.132557193944019,0.153848743783268,3,"#4daf4a"
"1121",1.69710844494057,3.29896466981342,3,"#4daf4a"
"1122",1.27770426761968,3.67650957125054,3,"#4daf4a"
"1123",0.932121122197242,1.76953056317884,3,"#4daf4a"
"1124",0.377449350747831,1.3461955798362,3,"#4daf4a"
"1125",0.848207492853969,2.5649042881421,3,"#4daf4a"
"1126",1.33292009292796,3.63353395573947,3,"#4daf4a"
"1127",0.925354974911534,1.77369790477072,3,"#4daf4a"
"1128",0.544261816547616,1.34823567982442,3,"#4daf4a"
"1129",0.597750038211729,0.318800021098658,3,"#4daf4a"
"1130",0.658897931866501,1.69614538218363,3,"#4daf4a"
"1131",0.92260604214837,1.74720864366352,3,"#4daf4a"
"1132",0.778363094935027,2.77528074582691,3,"#4daf4a"
"1133",0.547959441435375,0.292244996425381,3,"#4daf4a"
"1134",0.857165216839687,1.48246312301287,3,"#4daf4a"
"1135",1.60991709728571,3.65054264405867,3,"#4daf4a"
"1136",1.40377201047204,3.09211250063662,3,"#4daf4a"
"1137",0.785522749210029,1.56549465972292,3,"#4daf4a"
"1138",0.0627981706038949,0.521740811126486,3,"#4daf4a"
"1139",0.382110103872013,1.24977785357562,3,"#4daf4a"
"1140",0.137210329794607,0.421822401109476,3,"#4daf4a"
"1141",0.514215789742164,1.46626669081105,3,"#4daf4a"
"1142",0.877153326121297,3.11732322982131,3,"#4daf4a"
"1143",1.11000182773136,2.50732949695759,3,"#4daf4a"
"1144",0.879484341711108,2.14483584555488,3,"#4daf4a"
"1145",0.576572695478812,1.60607927538764,3,"#4daf4a"
"1146",0.342189507635907,1.27706472496121,3,"#4daf4a"
"1147",0.541896551553567,1.27500135232514,3,"#4daf4a"
"1148",0.310440883812454,0.8728979239801,3,"#4daf4a"
"1149",0.194378534141189,0.896324106306643,3,"#4daf4a"
"1150",1.38158499587708,2.49058877963775,3,"#4daf4a"
"1151",0.523652275920503,0.321302501288519,3,"#4daf4a"
"1152",0.192605160467702,0.0952531719,3,"#4daf4a"
"1153",0.831519184922117,1.44366828666849,3,"#4daf4a"
"1154",0.137855635403787,0.427725148984292,3,"#4daf4a"
"1155",0.361660220387893,0.192885450873543,3,"#4daf4a"
"1156",0.309550404815432,0.835712495634438,3,"#4daf4a"
"1157",0.748717543104516,0.443116150447492,3,"#4daf4a"
"1158",0.653215729345032,0.348381722532153,3,"#4daf4a"
"1159",0.40429420977058,0.942635773697277,3,"#4daf4a"
"1160",0.859569284138624,1.09382098566832,3,"#4daf4a"
"1161",0.259321813496823,0.728785558887971,3,"#4daf4a"
"1162",0.597375840759709,0.318600448405178,3,"#4daf4a"
"1163",0.388197090151846,1.08732689137498,3,"#4daf4a"
"1164",1.33686751458972,5.78049013363704,3,"#4daf4a"
"1165",1.83384275517599,5.84168401896259,3,"#4daf4a"
"1166",0.561976801033426,2.06498349803033,3,"#4daf4a"
"1167",0.530332127818067,0.282843801502969,3,"#4daf4a"
"1168",0.309499884404429,1.04125366801629,3,"#4daf4a"
"1169",0.0569483698793435,0.09059679,3,"#4daf4a"
"1170",0.319697129801585,1.07599916732126,3,"#4daf4a"
"1171",0.596392493850776,0.318075996737943,3,"#4daf4a"
"1172",0.982505063617152,1.45390517029844,3,"#4daf4a"
"1173",0.489160160852912,0.307971990256162,3,"#4daf4a"
"1174",0.170102429608044,0.475536199557445,3,"#4daf4a"
"1175",0.275748674050229,0.154966830376884,3,"#4daf4a"
"1176",0.277364991662273,0.759181559448871,3,"#4daf4a"
"1177",0.74157700963214,1.96018426422699,3,"#4daf4a"
"1178",0.250858617935681,0.184508659103428,3,"#4daf4a"
"1179",1.13364615799671,2.59795409223223,3,"#4daf4a"
"1180",1.36741373019057,3.11540091310775,3,"#4daf4a"
"1181",0.848961740280522,1.1271126702741,3,"#4daf4a"
"1182",0.633792994048782,0.337509999839295,3,"#4daf4a"
"1183",0.129341116416465,0.1319941176,3,"#4daf4a"
"1184",0.212210548092487,1.38820124544805,3,"#4daf4a"
"1185",0.163545254576343,0.192210448567204,3,"#4daf4a"
"1186",0.658664876629356,0.350810953606297,3,"#4daf4a"
"1187",0.443564443592976,1.05220357874222,3,"#4daf4a"
"1188",1.07944485576117,0.920061490991459,3,"#4daf4a"
"1189",0.605644999794134,0.323010666573278,3,"#4daf4a"
"1190",0.662337177630847,0.353246494736452,3,"#4daf4a"
"1191",0.129167474211602,0.825264912176772,3,"#4daf4a"
"1192",0.385470932994421,1.33504412168619,3,"#4daf4a"
"1193",0.703248444290948,0.375065836955172,3,"#4daf4a"
"1194",0.41095419906952,1.37551572612079,3,"#4daf4a"
"1195",0.38814780235948,1.29100053105016,3,"#4daf4a"
"1196",1.58057312720783,2.55841338340611,3,"#4daf4a"
"1197",0.604208599535444,0.31827260083378,3,"#4daf4a"
"1198",0.0741781407626966,0.615800165958689,3,"#4daf4a"
"1199",1.60673663006465,1.72839938739994,3,"#4daf4a"
"1200",1.2213344770029,1.73630642801576,3,"#4daf4a"
"1201",0.454580813180681,0.935855497300327,3,"#4daf4a"
"1202",0.303806433471152,1.89646079946323,3,"#4daf4a"
"1203",0.671737862293492,0.358260153877426,3,"#4daf4a"
"1204",0.491505525703391,1.27001512655921,3,"#4daf4a"
"1205",0.044772479170993,0.142737275027348,3,"#4daf4a"
"1206",0.326590082793077,0.608632343709979,3,"#4daf4a"
"1207",0.375367501045942,0.831100030553379,3,"#4daf4a"
"1208",0.640555574791316,0.341629639888702,3,"#4daf4a"
"1209",0.465281976235373,1.31655718735878,3,"#4daf4a"
"1210",0.617845712027702,0.454031395154701,3,"#4daf4a"
"1211",0.396088280607554,1.22319499589824,3,"#4daf4a"
"1212",0.588204397229122,0.313709011855531,3,"#4daf4a"
"1213",0.154800957774074,0.548753861271541,3,"#4daf4a"
"1214",0.365105836448258,1.20512324047596,3,"#4daf4a"
"1215",0.629921796325229,0.335958291373455,3,"#4daf4a"
"1216",0.491860276054752,0.856546199696231,3,"#4daf4a"
"1217",0.319713873563517,1.1730610087094,3,"#4daf4a"
"1218",0.474330262041171,1.0850600014579,3,"#4daf4a"
"1219",0.0632902530334147,0.557764892722196,3,"#4daf4a"
"1220",0.528611000993338,0.347988277681402,3,"#4daf4a"
"1221",0.620912458848979,0.331153311386122,3,"#4daf4a"
"1222",1.20603674756044,2.70570828180115,3,"#4daf4a"
"1223",0.444675793251128,0.324306224958762,3,"#4daf4a"
"1224",0.241965407924797,0.706137751672015,3,"#4daf4a"
"1225",0.111214782302915,0.537679983898528,3,"#4daf4a"
"1226",0.11791230340478,0.433809859873513,3,"#4daf4a"
"1227",0.770509976816269,2.03402185208357,3,"#4daf4a"
"1228",0.643584192830856,0.343244902980225,3,"#4daf4a"
"1229",0.0880546678361701,0.250872465300001,3,"#4daf4a"
"1230",0.51878763193368,0.276686737031296,3,"#4daf4a"
"1231",0.263342198897343,0.681158177099563,3,"#4daf4a"
"1232",0.861286700045335,2.34365709416733,3,"#4daf4a"
"1233",0.0275016444178007,0.2366871481,3,"#4daf4a"
"1234",0.695327919575949,0.370841557107173,3,"#4daf4a"
"1235",1.40644711249619,1.8968736023478,3,"#4daf4a"
"1236",0.314552890385327,0.944297503094358,3,"#4daf4a"
"1237",0.46704937651649,0.249093000808795,3,"#4daf4a"
"1238",0.316754945130689,0.922599509842091,3,"#4daf4a"
"1239",0.409239899304877,0.662401792494726,3,"#4daf4a"
"1240",0.31576234854614,1.11051155496715,3,"#4daf4a"
"1241",1.1687521719938,1.37774161691507,3,"#4daf4a"
"1242",0.257825863763291,0.650053646334647,3,"#4daf4a"
"1243",0.377907059554798,1.58976358314261,3,"#4daf4a"
"1244",0.704833288853179,1.61300551575444,3,"#4daf4a"
"1245",1.28259196770138,2.79825516687541,3,"#4daf4a"
"1246",1.70364088174502,2.75425559883894,3,"#4daf4a"
"1247",0.495040998217141,0.264021865715809,3,"#4daf4a"
"1248",0.282958825167934,0.783895744002469,3,"#4daf4a"
"1249",1.06522442082461,3.22478363101084,3,"#4daf4a"
"1250",0.108325562044299,0.646399843622448,3,"#4daf4a"
"1251",0.343691969702729,1.15798829769918,3,"#4daf4a"
"1252",0.633635749458516,1.09791167753575,3,"#4daf4a"
"1253",0.472406584328927,0.251950178308761,3,"#4daf4a"
"1254",0.55329550754912,0.29509093735953,3,"#4daf4a"
"1255",0.480708891768741,0.256378075609995,3,"#4daf4a"
"1256",0.421635560233991,0.224872298791462,3,"#4daf4a"
"1257",0.484819781137974,0.681939856953222,3,"#4daf4a"
"1258",0.813495080501334,0.433864046350091,3,"#4daf4a"
"1259",0.261656649234998,0.724490779384712,3,"#4daf4a"
"1260",0.37016480684271,0.869814921445697,3,"#4daf4a"
"1261",1.26528743254843,2.7832043299303,3,"#4daf4a"
"1262",1.3760886640124,1.41345051155582,3,"#4daf4a"
"1263",0.986530091251492,2.69108886993719,3,"#4daf4a"
"1264",0.961130956596741,3.14052067360338,3,"#4daf4a"
"1265",1.05846786945067,2.00383714368049,3,"#4daf4a"
"1266",1.61266065071367,1.97410017833101,3,"#4daf4a"
"1267",0.844777454226074,0.450547975613024,3,"#4daf4a"
"1268",1.52629144830607,3.11351092370862,3,"#4daf4a"
"1269",1.66661441462305,3.56173368479594,3,"#4daf4a"
"1270",0.807454868860062,2.01377440568122,3,"#4daf4a"
"1271",0.183844468150858,0.602654579012032,3,"#4daf4a"
"1272",0.432408714608862,0.957768387053644,3,"#4daf4a"
"1273",1.52841016607767,4.49968357907033,3,"#4daf4a"
"1274",0.24339718239739,0.52844263506058,3,"#4daf4a"
"1275",0.733253250940493,0.391068400501596,3,"#4daf4a"
"1276",2.49196207338838,6.3212331874149,3,"#4daf4a"
"1277",1.14964962775188,2.93614491714488,3,"#4daf4a"
"1278",0.890648106851773,0.475012323654279,3,"#4daf4a"
"1279",0.575177165286026,1.24640431520803,3,"#4daf4a"
"1280",0.327090783308152,0.852927344561176,3,"#4daf4a"
"1281",1.23364751562124,2.69093196976053,3,"#4daf4a"
"1282",0.429624264330908,1.52294350647871,3,"#4daf4a"
"1283",0.246590783243596,0.653379646130462,3,"#4daf4a"
"1284",0.32201390827528,1.14647523243923,3,"#4daf4a"
"1285",0.259487526701636,0.428441133248633,3,"#4daf4a"
"1286",1.81275851213932,3.34953020109924,3,"#4daf4a"
"1287",1.42621529107452,2.57383290240195,3,"#4daf4a"
"1288",1.17640541390148,2.15383774938876,3,"#4daf4a"
"1289",0.452861399679984,0.788148705904144,3,"#4daf4a"
"1290",0.854679497645089,0.455829065665243,3,"#4daf4a"
"1291",0.776707139044097,2.6239865058694,3,"#4daf4a"
"1292",1.00034169466801,3.89497356859024,3,"#4daf4a"
"1293",0.660625983096852,0.906952810077743,3,"#4daf4a"
"1294",0.289331404051962,0.907049441322389,3,"#4daf4a"
"1295",1.11756381246571,2.960877979859,3,"#4daf4a"
"1296",0.461515360281051,1.27394053047166,3,"#4daf4a"
"1297",0.170360313692784,0.446262498225333,3,"#4daf4a"
"1298",0.366261362736422,1.14366731416526,3,"#4daf4a"
"1299",0.961795683638697,2.30160088578633,3,"#4daf4a"
"1300",0.710914716108476,1.87726848780234,3,"#4daf4a"
"1301",0.535528864737675,0.28561539452676,3,"#4daf4a"
"1302",0.286540456760862,0.462052441606333,3,"#4daf4a"
"1303",0.222363095191599,0.522110953316215,3,"#4daf4a"
"1304",0.343482884312368,0.549479667254426,3,"#4daf4a"
"1305",0.126962168514889,0.0961552566,3,"#4daf4a"
"1306",1.19884255227835,2.47671135014364,3,"#4daf4a"
"1307",1.93428237621103,6.32335036831558,3,"#4daf4a"
"1308",2.61665574336304,4.8845905051633,3,"#4daf4a"
"1309",0.660539106860554,1.27725758846292,3,"#4daf4a"
"1310",1.45222704487854,0.77452109060189,3,"#4daf4a"
"1311",0.841175350464277,0.448626853598466,3,"#4daf4a"
"1312",0.319100143088402,0.992749263926789,3,"#4daf4a"
"1313",0.260122545946123,0.8760483921323,3,"#4daf4a"
"1314",0.357986851177809,0.75570117537625,3,"#4daf4a"
"1315",0.379420412517997,0.192629326115249,3,"#4daf4a"
"1316",0.983756335401487,1.88824041669955,3,"#4daf4a"
"1317",0.203461170414192,0.0966715482,3,"#4daf4a"
"1318",0.583247265502814,1.08085255706868,3,"#4daf4a"
"1319",0.653239699523652,0.331645156229747,3,"#4daf4a"
"1320",0.453752680767046,1.59822997668899,3,"#4daf4a"
"1321",0.902373726076091,0.481265987258458,3,"#4daf4a"
"1322",0.0846141480363253,0.172420383541351,3,"#4daf4a"
"1323",0.775258840204906,1.19829613464264,3,"#4daf4a"
"1324",0.40096019083465,1.18402574754336,3,"#4daf4a"
"1325",2.41827714961285,3.33946682124243,3,"#4daf4a"
"1326",1.38884041849391,0.756908848091732,3,"#4daf4a"
"1327",0.609334151046211,1.34113408251017,3,"#4daf4a"
"1328",0.810068205651474,1.70728414869986,3,"#4daf4a"
"1329",0.376593314782217,0.400878766953037,4,"#984ea3"
"1330",1.15645404027143,0.699483037170634,4,"#984ea3"
"1331",1.97400221356725,4.83571414592887,4,"#984ea3"
"1332",0.557897841758452,1.47232449813354,4,"#984ea3"
"1333",0.656311613121515,0.350032860331475,4,"#984ea3"
"1334",0.347308519178802,0.185216897114336,4,"#984ea3"
"1335",0.661113795604138,0.352591360729449,4,"#984ea3"
"1336",0.886897032302954,2.69031374253482,4,"#984ea3"
"1337",0.300892844599893,1.5339618727322,4,"#984ea3"
"1338",0.609850415941062,1.52964372582137,4,"#984ea3"
"1339",0.261841066721373,1.62572642234454,4,"#984ea3"
"1340",0.800453396818352,1.53848401169085,4,"#984ea3"
"1341",1.67680967537631,4.11895648739818,4,"#984ea3"
"1342",0.398916135340027,1.90856729746697,4,"#984ea3"
"1343",0.64211117821363,1.713726324325,4,"#984ea3"
"1344",0.869127173168856,1.8315958721055,4,"#984ea3"
"1345",0.575884413740331,0.307138353994843,4,"#984ea3"
"1346",0.858562079657695,1.60952443836466,4,"#984ea3"
"1347",0.482122066053359,1.17130773211344,4,"#984ea3"
"1348",0.554496384479186,0.266140233757623,4,"#984ea3"
"1349",0.796019261495306,2.2307815110042,4,"#984ea3"
"1350",1.84668255699405,2.82501706320209,4,"#984ea3"
"1351",0.63284584853255,0.337517785884026,4,"#984ea3"
"1352",1.53598573535208,4.13219671021179,4,"#984ea3"
"1353",0.296299496100068,0.874663491186428,4,"#984ea3"
"1354",1.61595990704649,3.76877095190174,4,"#984ea3"
"1355",1.69744532440378,4.87343206222056,4,"#984ea3"
"1356",2.11187282112372,3.11523861981433,4,"#984ea3"
"1357",0.652434435837364,0.347965032465115,4,"#984ea3"
"1358",3.42520129884809,5.95784108068364,4,"#984ea3"
"1359",0.426600346937478,1.27356143789962,4,"#984ea3"
"1360",1.09597733124282,3.59358793892695,4,"#984ea3"
"1361",1.05279827488809,0.891572715690842,4,"#984ea3"
"1362",0.327157790301162,1.02618225669184,4,"#984ea3"
"1363",0.105204300599367,0.501222568517538,4,"#984ea3"
"1364",0.293756769060433,0.431168759357605,4,"#984ea3"
"1365",0.516057799739011,0.863167087335131,4,"#984ea3"
"1366",0.504805911961096,0.269229819712585,4,"#984ea3"
"1367",0.812885556645641,1.71931044364849,4,"#984ea3"
"1368",1.26757663958625,1.85282960806241,4,"#984ea3"
"1369",3.15948498972781,1.6850586613257,4,"#984ea3"
"1370",1.16072968226836,2.34666252062039,4,"#984ea3"
"1371",0.839863365665784,1.29008111474589,4,"#984ea3"
"1372",0.466724597455078,1.66440095905392,4,"#984ea3"
"1373",0.667761149192314,1.49665987127338,4,"#984ea3"
"1374",0.268392079202003,1.0933954326743,4,"#984ea3"
"1375",0.593519848121716,0.316543918998248,4,"#984ea3"
"1376",0.961347763965096,2.52285563373153,4,"#984ea3"
"1377",0.990604877053343,1.73174561350796,4,"#984ea3"
"1378",0.717264918709946,1.19445355915092,4,"#984ea3"
"1379",0.994312814447951,0.48007899,4,"#984ea3"
"1380",0.714996661435197,1.2227227927378,4,"#984ea3"
"1381",0.594708043998258,0.314562589099653,4,"#984ea3"
"1382",1.26398234313781,3.51860026639435,4,"#984ea3"
"1383",0.532244613850781,0.295195395636999,4,"#984ea3"
"1384",0.795525927686317,1.42572059094768,4,"#984ea3"
"1385",0.571906100665349,0.30501658702152,4,"#984ea3"
"1386",0.840809676267799,1.79730559817878,4,"#984ea3"
"1387",0.334823726839127,1.24363253791186,4,"#984ea3"
"1388",0.255152191049971,0.644984267502055,4,"#984ea3"
"1389",0.384315696141021,1.12806361910913,4,"#984ea3"
"1390",0.355043222838071,0.330966912481791,4,"#984ea3"
"1391",0.0980753274322239,0.53186854510682,4,"#984ea3"
"1392",0.648090768429799,1.81011161482118,4,"#984ea3"
"1393",0.567330464932528,3.04286485012897,4,"#984ea3"
"1394",0.603664050491624,0.318033302380906,4,"#984ea3"
"1395",1.48548461351296,2.6248513690235,4,"#984ea3"
"1396",0.911549153200973,1.770369564062,4,"#984ea3"
"1397",0.318727639929868,0.6018508108433,4,"#984ea3"
"1398",0.583627986135612,0.311268094979758,4,"#984ea3"
"1399",0.979459642351058,2.09058257332321,4,"#984ea3"
"1400",2.41822504361185,3.47999330228242,4,"#984ea3"
"1401",0.550762571528233,1.03527997894581,4,"#984ea3"
"1402",1.41208901752732,2.59837387386542,4,"#984ea3"
"1403",0.562113426699476,0.299793827573054,4,"#984ea3"
"1404",2.56894157384483,1.42180847159574,4,"#984ea3"
"1405",0.655833555727551,1.1879011895338,4,"#984ea3"
"1406",0.459583366292186,1.8695534034171,4,"#984ea3"
"1407",0.0892868963323166,0.338115511120442,4,"#984ea3"
"1408",0.389506906386949,1.59058848053646,4,"#984ea3"
"1409",1.02519745862216,2.07361946884445,4,"#984ea3"
"1410",0.669799968878541,1.08846168843169,4,"#984ea3"
"1411",0.32141150525337,1.08237192556053,4,"#984ea3"
"1412",0.568554801460656,0.804111335724984,4,"#984ea3"
"1413",0.738596859849635,1.76537328172809,4,"#984ea3"
"1414",0.248036486719348,0.444487442042544,4,"#984ea3"
"1415",0.284158518792007,0.805512679856673,4,"#984ea3"
"1416",0.96567945385891,0.515029042742685,4,"#984ea3"
"1417",1.32486624567774,2.56325136144731,4,"#984ea3"
"1418",2.22369903258323,4.17858894033277,4,"#984ea3"
"1419",0.154864720477525,0.288461948456528,4,"#984ea3"
"1420",0.374189233237968,0.181579717296952,4,"#984ea3"
"1421",0.0860222933492943,0.141900905110547,4,"#984ea3"
"1422",1.49055594488519,1.74074854687376,4,"#984ea3"
"1423",0.326646310154037,1.0349431471097,4,"#984ea3"
"1424",1.06029362726597,2.73545377661299,4,"#984ea3"
"1425",0.733153281147018,0.391015084873374,4,"#984ea3"
"1426",1.30139012474162,3.53386969085394,4,"#984ea3"
"1427",0.358283737024688,0.1818996058833,4,"#984ea3"
"1428",0.956820489667054,2.48674727326225,4,"#984ea3"
"1429",1.28806902051176,3.35615123363073,4,"#984ea3"
"1430",0.673015532172755,1.67486658532522,4,"#984ea3"
"1431",0.286238746957194,0.358288444473203,4,"#984ea3"
"1432",0.719915062500724,1.17942996454633,4,"#984ea3"
"1433",0.704322469566414,1.89224914288933,4,"#984ea3"
"1434",1.23625579405614,1.89752977716759,4,"#984ea3"
"1435",0.621278674926302,0.331348626627361,4,"#984ea3"
"1436",0.206402193765183,0.675126642580912,4,"#984ea3"
"1437",0.57749201003541,1.93875661866996,4,"#984ea3"
"1438",1.0207794895097,3.20859920468603,4,"#984ea3"
"1439",0.378195745286367,0.19200728828822,4,"#984ea3"
"1440",1.21276157333076,2.54177748182445,4,"#984ea3"
"1441",0.824557165102274,0.439763821387879,4,"#984ea3"
"1442",0.600892888788507,1.21836766918944,4,"#984ea3"
"1443",0.388026723233613,0.731681630811833,4,"#984ea3"
"1444",0.614430605780369,0.324119128043562,4,"#984ea3"
"1445",0.241830068097508,0.839537741208004,4,"#984ea3"
"1446",0.636983022317405,1.97471813082334,4,"#984ea3"
"1447",0.865644665088797,1.34547815723031,4,"#984ea3"
"1448",0.575243504346197,1.83390387911767,4,"#984ea3"
"1449",1.18494500233416,2.81723351369832,4,"#984ea3"
"1450",0.568513300105745,0.303207093389731,4,"#984ea3"
"1451",0.40979987827594,0.791249062567407,4,"#984ea3"
"1452",0.164921089799985,0.67898403162138,4,"#984ea3"
"1453",0.37962569272926,1.60666909778614,4,"#984ea3"
"1454",0.626248542711194,0.333999222779303,4,"#984ea3"
"1455",0.377518639321783,0.646304033934485,4,"#984ea3"
"1456",0.634948234933534,2.28420739548456,4,"#984ea3"
"1457",0.337629496859842,0.510173842203059,4,"#984ea3"
"1458",0.788656621143642,0.420616864609943,4,"#984ea3"
"1459",0.478115929149666,1.22520345503777,4,"#984ea3"
"1460",0.61620064276934,0.325779101726697,4,"#984ea3"
"1461",1.50921830153194,4.40369659083883,4,"#984ea3"
"1462",0.658212199619359,0.351046506482608,4,"#984ea3"
"1463",0.799544497962218,1.9260929502629,4,"#984ea3"
"1464",0.532499526264181,1.85500529926387,4,"#984ea3"
"1465",0.368505962596947,0.890036762657814,4,"#984ea3"
"1466",0.575870994219855,1.12940034677762,4,"#984ea3"
"1467",0.708530516642947,2.23825052604134,4,"#984ea3"
"1468",0.743824654095282,1.97889866041808,4,"#984ea3"
"1469",0.566736210095425,0.302259312071374,4,"#984ea3"
"1470",0.689785610925401,1.40049729747566,4,"#984ea3"
"1471",0.969774741562309,2.00356276174329,4,"#984ea3"
"1472",0.472913038675656,1.54412676178519,4,"#984ea3"
"1473",0.604385128843391,0.322338735383142,4,"#984ea3"
"1474",0.961857037209042,1.74645982603258,4,"#984ea3"
"1475",0.69324393367487,2.39579078157395,4,"#984ea3"
"1476",1.07623296668787,1.90376971501651,4,"#984ea3"
"1477",0.697876868146115,2.04204337281725,4,"#984ea3"
"1478",1.75574774549103,4.98159844902744,4,"#984ea3"
"1479",0.482658321717307,1.16806310075225,4,"#984ea3"
"1480",1.15698514209876,1.93132642042284,4,"#984ea3"
"1481",0.734628162285955,0.391801686552509,4,"#984ea3"
"1482",1.33420006972288,1.82459062617171,4,"#984ea3"
"1483",0.641502701013073,0.342134773873639,4,"#984ea3"
"1484",1.17751741114576,3.07490864323401,4,"#984ea3"
"1485",1.43095252885805,2.12425797233897,4,"#984ea3"
"1486",0.840820336580246,2.28290966945553,4,"#984ea3"
"1487",0.935051146608449,1.40387178516392,4,"#984ea3"
"1488",0.972294068779522,2.92434962963222,4,"#984ea3"
"1489",0.549057352490501,0.292830590050938,4,"#984ea3"
"1490",0.684014397492994,1.31487174765327,4,"#984ea3"
"1491",0.857170252777095,2.66844488170478,4,"#984ea3"
"1492",0.901067455736741,2.60027588091725,4,"#984ea3"
"1493",1.12068631361595,3.03881385587232,4,"#984ea3"
"1494",0.5934458330169,0.31650444427568,4,"#984ea3"
"1495",1.35668467231472,1.60211501971159,4,"#984ea3"
"1496",0.415300118973319,0.560367336247574,4,"#984ea3"
"1497",1.22860333378745,2.11703592153865,4,"#984ea3"
"1498",0.940236070771464,1.44103540088856,4,"#984ea3"
"1499",1.14567219627881,3.2007416526066,4,"#984ea3"
"1500",0.586642243979508,0.312875863455738,4,"#984ea3"
"1501",1.14621688532953,1.80518294271958,4,"#984ea3"
"1502",1.26874569650326,2.62824808449901,4,"#984ea3"
"1503",1.32316964168259,2.0958151891354,4,"#984ea3"
"1504",1.01275477100647,2.62155277685691,4,"#984ea3"
"1505",0.204470208580605,0.479807976288936,4,"#984ea3"
"1506",0.365795207416901,0.706180477859547,4,"#984ea3"
"1507",0.345525805577294,0.424972439001081,4,"#984ea3"
"1508",1.5747004158452,2.44667395582424,4,"#984ea3"
"1509",1.56814361025326,4.74932367260387,4,"#984ea3"
"1510",0.706820035371468,0.37697068553145,4,"#984ea3"
"1511",0.988818663013221,4.32698363267009,4,"#984ea3"
"1512",0.607532068112124,0.324017102993133,4,"#984ea3"
"1513",0.650811159464091,0.431963500768845,4,"#984ea3"
"1514",1.36722912951016,4.0670172398238,4,"#984ea3"
"1515",0.189896700258004,0.0929356866000001,4,"#984ea3"
"1516",1.13171796976656,1.79788048763002,4,"#984ea3"
"1517",0.296654363241231,0.257221230409036,4,"#984ea3"
"1518",0.586503932394529,2.9744654462295,4,"#984ea3"
"1519",0.985779009463061,1.06274337513543,4,"#984ea3"
"1520",1.1180605444145,1.79217292629733,4,"#984ea3"
"1521",0.916239473148598,1.01685418789494,4,"#984ea3"
"1522",1.66335752031047,5.34704863068536,4,"#984ea3"
"1523",1.33543089871233,2.26503083246706,4,"#984ea3"
"1524",0.616949721039354,1.43740152984142,4,"#984ea3"
"1525",1.30817214790135,2.15597592010722,4,"#984ea3"
"1526",0.167392821530388,0.710499200577119,4,"#984ea3"
"1527",3.29557653330115,5.92993922121893,4,"#984ea3"
"1528",0.860211942974032,1.72652799964958,4,"#984ea3"
"1529",0.591396172815546,1.05979661683564,4,"#984ea3"
"1530",0.518501805704674,1.58135957977206,4,"#984ea3"
"1531",0.412802435575461,1.19108400757466,4,"#984ea3"
"1532",0.578806916231339,0.308697021990047,4,"#984ea3"
"1533",0.219783841744602,0.635663164402487,4,"#984ea3"
"1534",0.367905420861162,0.451418662891701,4,"#984ea3"
"1535",0.71399385957022,0.380796725104117,4,"#984ea3"
"1536",2.19752669727661,2.47785869079447,4,"#984ea3"
"1537",2.17632231614602,3.17365631602331,4,"#984ea3"
"1538",0.670859304986032,0.357235329280969,4,"#984ea3"
"1539",0.895827675699105,1.02933682802669,4,"#984ea3"
"1540",1.28428435553954,1.19776626499661,4,"#984ea3"
"1541",0.951000953965571,1.46805980631026,4,"#984ea3"
"1542",0.567662064540157,0.301102782650111,4,"#984ea3"
"1543",1.68203984474702,2.7305052350421,4,"#984ea3"
"1544",1.63870502786582,5.52200454672279,4,"#984ea3"
"1545",0.141294713977789,0.0924329403,4,"#984ea3"
"1546",1.59477590027472,4.52317250179751,4,"#984ea3"
"1547",3.33044030425,4.48946499754468,4,"#984ea3"
"1548",0.923196656954506,1.68685722179483,4,"#984ea3"
"1549",0.207018225071579,0.738356363157436,4,"#984ea3"
"1550",0.628569723962191,1.12939782888181,4,"#984ea3"
"1551",1.85314643177762,4.73750162367231,4,"#984ea3"
"1552",0.326739916977255,1.28150746724801,4,"#984ea3"
"1553",1.64275663467698,2.62648671251221,4,"#984ea3"
"1554",0.273195911590216,0.872695272690358,4,"#984ea3"
"1555",1.38558628841601,3.26793245190104,4,"#984ea3"
"1556",0.801910035501074,1.65659972347719,4,"#984ea3"
"1557",1.09858633837168,2.92796652163979,4,"#984ea3"
"1558",0.63815478273041,0.340349217472905,4,"#984ea3"
"1559",2.00656091326283,4.0324002834293,4,"#984ea3"
"1560",1.36849752563055,2.51662850543205,4,"#984ea3"
"1561",0.557493764400304,0.297257637568732,4,"#984ea3"
"1562",2.6597386496093,4.48352780496134,4,"#984ea3"
"1563",0.79790219940684,0.967517190371871,4,"#984ea3"
"1564",0.999342482007244,2.81233176504933,4,"#984ea3"
"1565",0.796203925846709,1.86512693429945,4,"#984ea3"
"1566",0.142291165372566,0.661585726,4,"#984ea3"
"1567",0.423767292752804,0.564576014536117,4,"#984ea3"
"1568",0.574840847922595,2.3886912955374,4,"#984ea3"
"1569",0.717309968577446,1.53230989159589,4,"#984ea3"
"1570",0.11593424684315,0.397735668880248,4,"#984ea3"
"1571",0.171071408949323,0.819006545322426,4,"#984ea3"
"1572",0.547887849702601,0.292206853187403,4,"#984ea3"
"1573",0.711753542621587,0.454999176499026,4,"#984ea3"
"1574",1.30063887845619,3.19459646804999,4,"#984ea3"
"1575",2.92148596212191,6.43851896655895,4,"#984ea3"
"1576",0.766161234778961,0.408619325041492,4,"#984ea3"
"1577",0.603240376784396,0.321728200880785,4,"#984ea3"
"1578",0.626852124513063,0.334321133073634,4,"#984ea3"
"1579",0.779261742310059,1.10365560049348,4,"#984ea3"
"1580",1.78232851527071,3.52982381517704,4,"#984ea3"
"1581",0.622499845269599,0.33199991747712,4,"#984ea3"
"1582",0.719788521611226,1.60097085921338,4,"#984ea3"
"1583",0.289304445856101,0.983915054212874,4,"#984ea3"
"1584",0.568498415719672,1.37130275723368,4,"#984ea3"
"1585",0.247212841875122,0.66508022804219,4,"#984ea3"
"1586",0.322069132766926,0.153017626109265,4,"#984ea3"
"1587",0.592963069293018,1.50224647416573,4,"#984ea3"
"1588",0.793799911162167,1.4240894374459,4,"#984ea3"
"1589",1.65136747661461,4.17915567946061,4,"#984ea3"
"1590",0.670075396791425,1.78668169786639,4,"#984ea3"
"1591",0.925092259275913,2.06110857953715,4,"#984ea3"
"1592",0.338364053217392,0.17976799240101,4,"#984ea3"
"1593",0.65583859099443,0.349780581882679,4,"#984ea3"
"1594",1.6269722868852,1.50914044941009,4,"#984ea3"
"1595",0.517096665234492,0.75905030858183,4,"#984ea3"
"1596",0.551130683130022,0.293936364336012,4,"#984ea3"
"1597",1.68016908002796,4.03542658042809,4,"#984ea3"
"1598",0.513710550994565,0.73466927434279,4,"#984ea3"
"1599",0.195379454795766,0.146990831126894,4,"#984ea3"
"1600",0.796518864210061,1.42300297653382,4,"#984ea3"
"1601",0.293020671510802,1.15790032758199,4,"#984ea3"
"1602",0.495683093546889,0.844623205944348,4,"#984ea3"
"1603",0.737456191513922,1.0878986432254,4,"#984ea3"
"1604",0.515332926186294,0.274844227299357,4,"#984ea3"
"1605",0.522721329201947,1.15481132044345,4,"#984ea3"
"1606",0.155279851934401,0.7368437350036,4,"#984ea3"
"1607",0.325403656574001,0.737740827963738,4,"#984ea3"
"1608",1.29729601197615,0.636466605528202,4,"#984ea3"
"1609",0.154898793074583,0.518027631494345,4,"#984ea3"
"1610",1.01618524330216,3.38214460202906,4,"#984ea3"
"1611",0.145546687630356,0.675366420883322,4,"#984ea3"
"1612",0.167189054416095,0.667960365484191,4,"#984ea3"
"1613",0.470437095733781,0.907773631574977,4,"#984ea3"
"1614",1.47416036326638,4.34244744746966,4,"#984ea3"
"1615",0.194130964141012,1.04077102667956,4,"#984ea3"
"1616",1.44390338378264,1.6258478517572,4,"#984ea3"
"1617",0.563605171838563,0.300589424980567,4,"#984ea3"
"1618",0.234586368072382,0.1161578763,4,"#984ea3"
"1619",0.653689897754893,0.348622429701314,4,"#984ea3"
"1620",0.784249677008667,2.26661345737866,4,"#984ea3"
"1621",1.85053568859351,3.64248377179333,4,"#984ea3"
"1622",0.089029959506511,0.768984813002757,4,"#984ea3"
"1623",0.134771614980456,0.285927172796033,4,"#984ea3"
"1624",0.614671775308962,1.82048871383261,4,"#984ea3"
"1625",0.551640596238799,1.90242581125093,4,"#984ea3"
"1626",0.512644294055573,0.273410290627632,4,"#984ea3"
"1627",1.2108646710048,2.87776807376473,4,"#984ea3"
"1628",0.538512118075651,0.957692173982651,4,"#984ea3"
"1629",0.664438992195593,0.350891502050969,4,"#984ea3"
"1630",0.647716389149942,0.345448740879969,4,"#984ea3"
"1631",0.590729899033028,1.86235310559388,4,"#984ea3"
"1632",1.22823602919375,3.05709154919378,4,"#984ea3"
"1633",0.630968584736796,0.336516569774496,4,"#984ea3"
"1634",0.0890114710776675,0.13246841091692,4,"#984ea3"
"1635",0.562750591561827,2.60123446580465,4,"#984ea3"
"1636",0.684065759694781,1.47255587660002,4,"#984ea3"
"1637",0.482082374464986,0.923093619919801,4,"#984ea3"
"1638",0.824144239745133,1.16651387741124,4,"#984ea3"
"1639",0.37230278111305,1.04203831785935,4,"#984ea3"
"1640",0.385827289653418,0.716775220825537,4,"#984ea3"
"1641",2.89061366514076,2.88570093972352,4,"#984ea3"
"1642",0.201074432511679,0.151407388909383,4,"#984ea3"
"1643",0.824456572223742,1.79938596157635,4,"#984ea3"
"1644",0.654796685177483,0.366791454460993,4,"#984ea3"
"1645",0.608250353829484,0.324400188709058,4,"#984ea3"
"1646",0.615102716134778,1.58413004891198,4,"#984ea3"
"1647",0.525092528812915,0.280049348998888,4,"#984ea3"
"1648",1.86104518398733,3.38399290454543,4,"#984ea3"
"1649",0.596964795962323,3.24674746051105,4,"#984ea3"
"1650",0.620274899147908,0.327948421410165,4,"#984ea3"
"1651",0.629017411143962,0.331956896611445,4,"#984ea3"
"1652",0.650700830263455,0.347040443786932,4,"#984ea3"
"1653",0.601790926884225,0.32095516100492,4,"#984ea3"
"1654",0.71396789036395,0.380782874860773,4,"#984ea3"
"1655",0.589792794059944,0.314112316725243,4,"#984ea3"
"1656",0.620752597582652,0.331068052109023,4,"#984ea3"
"1657",0.47077357951536,0.743077131886267,4,"#984ea3"
"1658",0.655571094500099,0.349637917066719,4,"#984ea3"
"1659",0.0180055415254648,0.0936800244,4,"#984ea3"
"1660",0.62959596590223,0.679919278352212,4,"#984ea3"
"1661",0.12991623328483,0.172760008752936,4,"#984ea3"
"1662",0.339118454509522,0.172168120526462,4,"#984ea3"
"1663",1.1283881578487,3.94251489317305,4,"#984ea3"
"1664",1.34873831585947,2.39782380674049,4,"#984ea3"
"1665",1.4774817297003,3.61824719822407,4,"#984ea3"
"1666",0.636576343356759,0.33950738323076,4,"#984ea3"
"1667",0.209639156847087,0.69806506311121,4,"#984ea3"
"1668",0.570209615865143,1.36665398876091,4,"#984ea3"
"1669",0.696104015894307,0.367385363289068,4,"#984ea3"
"1670",0.593552211279012,0.316561179348806,4,"#984ea3"
"1671",0.151256748950543,0.113045374639702,4,"#984ea3"
"1672",0.136440563898906,0.840670864732613,4,"#984ea3"
"1673",0.518760795367492,0.276672424207757,4,"#984ea3"
"1674",0.23354497567842,0.607837947967295,4,"#984ea3"
"1675",0.80325897751828,1.92340629519333,4,"#984ea3"
"1676",0.66587348541286,0.355132526633316,4,"#984ea3"
"1677",0.438258625908017,0.966525803199279,4,"#984ea3"
"1678",0.909267213459556,1.76645151576912,4,"#984ea3"
"1679",0.335348645786696,0.161860348397649,4,"#984ea3"
"1680",1.24037517506559,2.44525707986849,4,"#984ea3"
"1681",0.575980329860457,0.307188113881749,4,"#984ea3"
"1682",0.320146929916332,0.682082109739502,4,"#984ea3"
"1683",0.566434343892789,0.302098316762588,4,"#984ea3"
"1684",2.25247588714524,3.88577074838339,4,"#984ea3"
"1685",1.34790040958362,4.36992826922413,4,"#984ea3"
"1686",1.70703725867101,3.55396220921751,4,"#984ea3"
"1687",0.299054734460384,0.2618155449607,4,"#984ea3"
"1688",0.678408027158604,0.827155623595034,4,"#984ea3"
"1689",0.79847536122568,2.37581445377528,4,"#984ea3"
"1690",0.629457086888826,0.335710446340707,4,"#984ea3"
"1691",1.40014413400798,2.12978240304537,4,"#984ea3"
"1692",1.69150981588206,4.3986809512617,4,"#984ea3"
"1693",0.441177323508753,1.04385770245037,4,"#984ea3"
"1694",0.0895315079082216,0.0939410193,4,"#984ea3"
"1695",0.999138612345352,3.23226318824653,4,"#984ea3"
"1696",0.325848872231175,0.693617426723206,4,"#984ea3"
"1697",0.353664055845656,1.06358128784388,4,"#984ea3"
"1698",0.278707762355982,0.530998319514502,4,"#984ea3"
"1699",0.573046884043638,0.305625004823273,4,"#984ea3"
"1700",0.60607440201004,0.323239681072021,4,"#984ea3"
"1701",0.588288606577965,1.98490322690544,4,"#984ea3"
"1702",0.420522824010061,1.63024037871731,4,"#984ea3"
"1703",0.382425181611606,0.406242712055112,4,"#984ea3"
"1704",0.247112084529599,0.671613007939637,4,"#984ea3"
"1705",1.26571509567371,3.75973572512109,4,"#984ea3"
"1706",0.588553907666328,1.85763811863851,4,"#984ea3"
"1707",2.24953378512725,5.52487536778631,4,"#984ea3"
"1708",0.597013222545378,0.317973108605485,4,"#984ea3"
"1709",0.957052097231573,1.81430161234341,4,"#984ea3"
"1710",0.61516776857599,1.52977334477221,4,"#984ea3"
"1711",0.152602054539064,0.792939332058218,4,"#984ea3"
"1712",0.405948422100312,0.206096967241527,4,"#984ea3"
"1713",1.00258526283837,2.46942334459758,4,"#984ea3"
"1714",0.55000798627793,0.293337592693697,4,"#984ea3"
"1715",0.53871324251326,0.287313729340405,4,"#984ea3"
"1716",0.594090277824698,0.316848148173173,4,"#984ea3"
"1717",1.54702374945057,2.46317077863091,4,"#984ea3"
"1718",0.568653091459659,0.435755113695373,4,"#984ea3"
"1719",0.119803978203848,0.146911681086616,4,"#984ea3"
"1720",0.588280148577639,0.313749412574741,4,"#984ea3"
"1721",0.210724232055197,0.1002223344,4,"#984ea3"
"1722",0.165886647794193,0.263938530112545,4,"#984ea3"
"1723",0.0581634225065706,0.30755377716735,4,"#984ea3"
"1724",0.741554549457448,0.395495759727328,4,"#984ea3"
"1725",0.0982580831439724,0.512761251263,4,"#984ea3"
"1726",0.639787154517443,1.4748654874182,4,"#984ea3"
"1727",0.579440455411353,0.309034909563668,4,"#984ea3"
"1728",0.315882756861971,1.3957770960751,4,"#984ea3"
"1729",0.10226431410181,0.29360278459593,4,"#984ea3"
"1730",0.524122239204302,0.930932174328133,4,"#984ea3"
"1731",0.517379159178007,1.3346544957014,4,"#984ea3"
"1732",0.47111224275442,1.32631587656458,4,"#984ea3"
"1733",0.156692783872278,0.855670010616063,4,"#984ea3"
"1734",0.579260301863984,2.59174938982926,4,"#984ea3"
"1735",0.640867953083379,2.00982773094833,4,"#984ea3"
"1736",0.646635597232102,0.344872318523788,4,"#984ea3"
"1737",0.721030543691273,0.384549623302012,4,"#984ea3"
"1738",2.99902600396547,4.51888073465711,4,"#984ea3"
"1739",0.0594666888271728,0.324135448729879,4,"#984ea3"
"1740",0.466121733284456,0.768607071423282,4,"#984ea3"
"1741",0.54625768178683,1.12852977063913,4,"#984ea3"
"1742",1.34523588006067,3.65545818652669,4,"#984ea3"
"1743",2.63643923110364,4.26397742017497,4,"#984ea3"
"1744",0.0799519464607191,0.350920207643402,4,"#984ea3"
"1745",0.551005181317542,0.293869430036023,4,"#984ea3"
"1746",0.860441092432699,1.66053181760447,4,"#984ea3"
"1747",0.602130382047298,0.321136202701796,4,"#984ea3"
"1748",1.6805750639041,4.51921810943323,4,"#984ea3"
"1749",0.420030179719074,0.224016095850173,4,"#984ea3"
"1750",1.94405739160815,4.11122687876267,4,"#984ea3"
"1751",0.529767872411278,0.282542865286015,4,"#984ea3"
"1752",0.6430624709855,0.342966651961806,4,"#984ea3"
"1753",0.427678222655881,0.671509742553527,4,"#984ea3"
"1754",0.772961620902392,0.412246197799131,4,"#984ea3"
"1755",1.80397810964165,3.64195843368949,4,"#984ea3"
"1756",0.259697896488424,0.316543820288972,4,"#984ea3"
"1757",0.892658872653218,2.35123824850758,4,"#984ea3"
"1758",0.539333413140845,1.22681818814107,4,"#984ea3"
"1759",1.13707290551786,3.38380046963899,4,"#984ea3"
"1760",0.302878308464557,0.629641398691407,4,"#984ea3"
"1761",1.0968371571977,1.84025666655268,4,"#984ea3"
"1762",5.14605602907799,7.83437845482725,4,"#984ea3"
"1763",2.41755121239325,5.14055526503628,4,"#984ea3"
"1764",1.16118755387751,3.07804844635491,4,"#984ea3"
"1765",0.671939019200596,1.10512553602217,4,"#984ea3"
"1766",0.896086855596093,1.63229259589529,4,"#984ea3"
"1767",2.01539405770094,2.831177809657,4,"#984ea3"
"1768",0.563335715530134,1.33747599025276,4,"#984ea3"
"1769",1.24954584724094,2.53146169797926,4,"#984ea3"
"1770",0.752028075457786,1.41717162467355,4,"#984ea3"
"1771",0.243721765292783,0.798622482898455,4,"#984ea3"
"1772",0.961519302122156,1.83769486753554,4,"#984ea3"
"1773",0.53472387411559,0.285186066194981,4,"#984ea3"
"1774",1.37140766125661,3.1560021218016,4,"#984ea3"
"1775",0.448288464351595,1.3751538943149,4,"#984ea3"
"1776",0.567313146687933,0.302567011566898,4,"#984ea3"
"1777",0.386162014620432,0.950886677701373,4,"#984ea3"
"1778",0.227872928247145,0.527296558675918,4,"#984ea3"
"1779",2.24922477679654,5.71661427636402,4,"#984ea3"
"1780",0.181283600990747,0.414331386825542,4,"#984ea3"
"1781",0.9985179345214,4.33240940196327,4,"#984ea3"
"1782",1.45648511393019,4.40218230593237,4,"#984ea3"
"1783",0.980019472660946,1.49719661586571,4,"#984ea3"
"1784",1.12308000735177,1.98186340396132,4,"#984ea3"
"1785",0.422552034724269,1.41034578441959,4,"#984ea3"
"1786",0.959226808261437,2.76006696449853,4,"#984ea3"
"1787",1.11904584153,2.42036470888864,4,"#984ea3"
"1788",0.258910002963695,0.1784739233767,4,"#984ea3"
"1789",0.682902415323672,0.364214621505958,4,"#984ea3"
"1790",0.629905126666349,1.07260464192467,4,"#984ea3"
"1791",0.0495992724173361,0.227336710909539,4,"#984ea3"
"1792",0.437073165208302,1.66487132138612,4,"#984ea3"
"1793",0.670166600858872,1.59732169608424,4,"#984ea3"
"1794",0.179271487826815,0.96462641526362,4,"#984ea3"
"1795",0.227739511891404,0.538293759804426,4,"#984ea3"
"1796",0.14160648964696,0.092979183,4,"#984ea3"
"1797",0.815311377644577,0.413928385596097,4,"#984ea3"
"1798",0.550069243982857,1.21982490149806,4,"#984ea3"
"1799",0.810934630348277,2.27796116376609,4,"#984ea3"
"1800",0.565296073450981,0.301491239173857,4,"#984ea3"
"1801",0.194369348940667,0.52549246514324,4,"#984ea3"
"1802",0.584599015385212,1.88965208253447,4,"#984ea3"
"1803",0.696986632469967,0.371726206103866,4,"#984ea3"
"1804",0.36215843332831,0.482987075263163,4,"#984ea3"
"1805",0.497356845715243,1.42661897076245,4,"#984ea3"
"1806",0.727170871275828,1.5357337727304,4,"#984ea3"
"1807",0.792810831018453,1.12937806876692,4,"#984ea3"
"1808",1.25027614784612,1.77853625689773,4,"#984ea3"
"1809",0.574590683721732,0.30644836465159,4,"#984ea3"
