"","time","density","group","colour"
"1",-0.846569496807678,0.0041712320771239,1,"#e41a1c"
"2",-0.817301275456858,0.0046547897839029,1,"#e41a1c"
"3",-0.788033054106038,0.00517743182906993,1,"#e41a1c"
"4",-0.758764832755218,0.00574061415921295,1,"#e41a1c"
"5",-0.729496611404398,0.00634723106294894,1,"#e41a1c"
"6",-0.700228390053578,0.0070190132774467,1,"#e41a1c"
"7",-0.670960168702758,0.00773812324060062,1,"#e41a1c"
"8",-0.641691947351938,0.00850579637591923,1,"#e41a1c"
"9",-0.612423726001118,0.00932347724736642,1,"#e41a1c"
"10",-0.583155504650299,0.0102181219952613,1,"#e41a1c"
"11",-0.553887283299479,0.0111665148771759,1,"#e41a1c"
"12",-0.524619061948659,0.0121694018224,1,"#e41a1c"
"13",-0.495350840597839,0.0132275171087132,1,"#e41a1c"
"14",-0.466082619247019,0.0143678482211683,1,"#e41a1c"
"15",-0.436814397896199,0.0155663096461118,1,"#e41a1c"
"16",-0.407546176545379,0.0168215672605135,1,"#e41a1c"
"17",-0.378277955194559,0.0181336103876913,1,"#e41a1c"
"18",-0.349009733843739,0.019526398252201,1,"#e41a1c"
"19",-0.319741512492919,0.0209772565876025,1,"#e41a1c"
"20",-0.290473291142099,0.0224823828149119,1,"#e41a1c"
"21",-0.26120506979128,0.0240408733754945,1,"#e41a1c"
"22",-0.23193684844046,0.0256715017996036,1,"#e41a1c"
"23",-0.20266862708964,0.0273544858832511,1,"#e41a1c"
"24",-0.17340040573882,0.0290839806239416,1,"#e41a1c"
"25",-0.144132184388,0.0308582218027915,1,"#e41a1c"
"26",-0.11486396303718,0.0326894550280678,1,"#e41a1c"
"27",-0.08559574168636,0.0345618189822236,1,"#e41a1c"
"28",-0.0563275203355401,0.0364684911698701,1,"#e41a1c"
"29",-0.0270592989847201,0.0384071057586389,1,"#e41a1c"
"30",0.00220892236609971,0.0403832848324548,1,"#e41a1c"
"31",0.0314771437169197,0.0423854982632892,1,"#e41a1c"
"32",0.0607453650677395,0.0444074564791637,1,"#e41a1c"
"33",0.0900135864185595,0.0464466635908969,1,"#e41a1c"
"34",0.119281807769379,0.0485034027455988,1,"#e41a1c"
"35",0.148550029120199,0.0505703085823534,1,"#e41a1c"
"36",0.177818250471019,0.0526431467530873,1,"#e41a1c"
"37",0.207086471821839,0.0547198861851552,1,"#e41a1c"
"38",0.236354693172659,0.0567978714463313,1,"#e41a1c"
"39",0.265622914523479,0.058873410960518,1,"#e41a1c"
"40",0.294891135874299,0.0609452808967106,1,"#e41a1c"
"41",0.324159357225119,0.063012480947987,1,"#e41a1c"
"42",0.353427578575939,0.0650723010887853,1,"#e41a1c"
"43",0.382695799926759,0.0671242753385698,1,"#e41a1c"
"44",0.411964021277579,0.0691700447468091,1,"#e41a1c"
"45",0.441232242628398,0.0712100013168198,1,"#e41a1c"
"46",0.470500463979218,0.073243921637825,1,"#e41a1c"
"47",0.499768685330038,0.0752744747762443,1,"#e41a1c"
"48",0.529036906680858,0.0773046606704778,1,"#e41a1c"
"49",0.558305128031678,0.0793362799232302,1,"#e41a1c"
"50",0.587573349382498,0.0813730422808843,1,"#e41a1c"
"51",0.616841570733318,0.083421108467428,1,"#e41a1c"
"52",0.646109792084138,0.0854821632413298,1,"#e41a1c"
"53",0.675378013434958,0.087559036197163,1,"#e41a1c"
"54",0.704646234785778,0.0896593117925501,1,"#e41a1c"
"55",0.733914456136598,0.0917932167079505,1,"#e41a1c"
"56",0.763182677487418,0.0939579560522337,1,"#e41a1c"
"57",0.792450898838238,0.0961566824264603,1,"#e41a1c"
"58",0.821719120189058,0.0983993797034256,1,"#e41a1c"
"59",0.850987341539877,0.100700630011918,1,"#e41a1c"
"60",0.880255562890697,0.103050511356203,1,"#e41a1c"
"61",0.909523784241517,0.105451645081342,1,"#e41a1c"
"62",0.938792005592337,0.107914084662262,1,"#e41a1c"
"63",0.968060226943157,0.110456183241561,1,"#e41a1c"
"64",0.997328448293977,0.113059784651005,1,"#e41a1c"
"65",1.0265966696448,0.115726210047688,1,"#e41a1c"
"66",1.05586489099562,0.118463231626138,1,"#e41a1c"
"67",1.08513311234644,0.121291097546413,1,"#e41a1c"
"68",1.11440133369726,0.124184525401378,1,"#e41a1c"
"69",1.14366955504808,0.127143064947019,1,"#e41a1c"
"70",1.1729377763989,0.130170636963476,1,"#e41a1c"
"71",1.20220599774972,0.133286188137881,1,"#e41a1c"
"72",1.23147421910054,0.136460686938201,1,"#e41a1c"
"73",1.26074244045136,0.139691858174671,1,"#e41a1c"
"74",1.29001066180218,0.142979472293873,1,"#e41a1c"
"75",1.319278883153,0.146337089070886,1,"#e41a1c"
"76",1.34854710450382,0.149736947540046,1,"#e41a1c"
"77",1.37781532585464,0.153175301546075,1,"#e41a1c"
"78",1.40708354720546,0.156648777035249,1,"#e41a1c"
"79",1.43635176855628,0.160161347142838,1,"#e41a1c"
"80",1.4656199899071,0.16369206347015,1,"#e41a1c"
"81",1.49488821125792,0.167236340494945,1,"#e41a1c"
"82",1.52415643260874,0.170789584165312,1,"#e41a1c"
"83",1.55342465395956,0.174342723583842,1,"#e41a1c"
"84",1.58269287531038,0.177886437759014,1,"#e41a1c"
"85",1.6119610966612,0.181416014899513,1,"#e41a1c"
"86",1.64122931801202,0.1849267492616,1,"#e41a1c"
"87",1.67049753936284,0.188397809211536,1,"#e41a1c"
"88",1.69976576071365,0.191831254857208,1,"#e41a1c"
"89",1.72903398206447,0.195223971976705,1,"#e41a1c"
"90",1.75830220341529,0.198571737743146,1,"#e41a1c"
"91",1.78757042476611,0.201845506678466,1,"#e41a1c"
"92",1.81683864611693,0.205055687758726,1,"#e41a1c"
"93",1.84610686746775,0.208202478450741,1,"#e41a1c"
"94",1.87537508881857,0.211282494878937,1,"#e41a1c"
"95",1.90464331016939,0.214262099399447,1,"#e41a1c"
"96",1.93391153152021,0.2171563839029,1,"#e41a1c"
"97",1.96317975287103,0.21996988557191,1,"#e41a1c"
"98",1.99244797422185,0.222700151984224,1,"#e41a1c"
"99",2.02171619557267,0.225311948620681,1,"#e41a1c"
"100",2.05098441692349,0.227821565100029,1,"#e41a1c"
"101",2.08025263827431,0.230238228285652,1,"#e41a1c"
"102",2.10952085962513,0.232560306688473,1,"#e41a1c"
"103",2.13878908097595,0.234753055635653,1,"#e41a1c"
"104",2.16805730232677,0.236831152922013,1,"#e41a1c"
"105",2.19732552367759,0.238808400747577,1,"#e41a1c"
"106",2.22659374502841,0.240683781571337,1,"#e41a1c"
"107",2.25586196637923,0.24242430008443,1,"#e41a1c"
"108",2.28513018773005,0.244041052349489,1,"#e41a1c"
"109",2.31439840908087,0.245552110878359,1,"#e41a1c"
"110",2.34366663043169,0.246956873754156,1,"#e41a1c"
"111",2.37293485178251,0.248224807327599,1,"#e41a1c"
"112",2.40220307313333,0.249362230271729,1,"#e41a1c"
"113",2.43147129448415,0.250391188063634,1,"#e41a1c"
"114",2.46073951583497,0.25131137226717,1,"#e41a1c"
"115",2.49000773718579,0.252095172521463,1,"#e41a1c"
"116",2.51927595853661,0.252743549706869,1,"#e41a1c"
"117",2.54854417988743,0.253282286550089,1,"#e41a1c"
"118",2.57781240123825,0.253711337945803,1,"#e41a1c"
"119",2.60708062258907,0.25400641530505,1,"#e41a1c"
"120",2.63634884393989,0.254163007144193,1,"#e41a1c"
"121",2.66561706529071,0.254210381609293,1,"#e41a1c"
"122",2.69488528664153,0.254148790767715,1,"#e41a1c"
"123",2.72415350799235,0.253957643276696,1,"#e41a1c"
"124",2.75342172934317,0.25362720693557,1,"#e41a1c"
"125",2.78268995069399,0.25318983058314,1,"#e41a1c"
"126",2.81195817204481,0.252646111351504,1,"#e41a1c"
"127",2.84122639339563,0.251979437837627,1,"#e41a1c"
"128",2.87049461474645,0.25117541120423,1,"#e41a1c"
"129",2.89976283609727,0.250268797752512,1,"#e41a1c"
"130",2.92903105744809,0.249260554903453,1,"#e41a1c"
"131",2.95829927879891,0.248138137875964,1,"#e41a1c"
"132",2.98756750014973,0.24688327435227,1,"#e41a1c"
"133",3.01683572150055,0.245532217554372,1,"#e41a1c"
"134",3.04610394285137,0.244086243700098,1,"#e41a1c"
"135",3.07537216420219,0.242536702323691,1,"#e41a1c"
"136",3.10464038555301,0.240862395642165,1,"#e41a1c"
"137",3.13390860690383,0.239099968212613,1,"#e41a1c"
"138",3.16317682825465,0.237250923876066,1,"#e41a1c"
"139",3.19244504960547,0.235310092313884,1,"#e41a1c"
"140",3.22171327095629,0.233254361355113,1,"#e41a1c"
"141",3.25098149230711,0.231119677699314,1,"#e41a1c"
"142",3.28024971365793,0.228907665947832,1,"#e41a1c"
"143",3.30951793500875,0.226616070360429,1,"#e41a1c"
"144",3.33878615635957,0.224220883529655,1,"#e41a1c"
"145",3.36805437771039,0.221756430885218,1,"#e41a1c"
"146",3.39732259906121,0.219224381392681,1,"#e41a1c"
"147",3.42659082041203,0.216624794400166,1,"#e41a1c"
"148",3.45585904176285,0.213933826373352,1,"#e41a1c"
"149",3.48512726311367,0.211183484095533,1,"#e41a1c"
"150",3.51439548446449,0.208375472759962,1,"#e41a1c"
"151",3.54366370581531,0.205511498479389,1,"#e41a1c"
"152",3.57293192716613,0.202569470362156,1,"#e41a1c"
"153",3.60220014851695,0.199578162652656,1,"#e41a1c"
"154",3.63146836986777,0.196539504385854,1,"#e41a1c"
"155",3.66073659121859,0.193455310991878,1,"#e41a1c"
"156",3.69000481256941,0.190309969507943,1,"#e41a1c"
"157",3.71927303392023,0.187125262460117,1,"#e41a1c"
"158",3.74854125527105,0.183904499639966,1,"#e41a1c"
"159",3.77780947662187,0.180649729688767,1,"#e41a1c"
"160",3.80707769797269,0.177352000153505,1,"#e41a1c"
"161",3.83634591932351,0.17402707601158,1,"#e41a1c"
"162",3.86561414067433,0.170679097487332,1,"#e41a1c"
"163",3.89488236202515,0.167310463498606,1,"#e41a1c"
"164",3.92415058337597,0.163919151954244,1,"#e41a1c"
"165",3.95341880472679,0.160515819078724,1,"#e41a1c"
"166",3.98268702607761,0.157104645677594,1,"#e41a1c"
"167",4.01195524742843,0.15368842331799,1,"#e41a1c"
"168",4.04122346877925,0.150272097152962,1,"#e41a1c"
"169",4.07049169013007,0.146862173840124,1,"#e41a1c"
"170",4.09975991148089,0.143461765145498,1,"#e41a1c"
"171",4.12902813283171,0.140073972961241,1,"#e41a1c"
"172",4.15829635418253,0.136710207579154,1,"#e41a1c"
"173",4.18756457553335,0.133373950500788,1,"#e41a1c"
"174",4.21683279688417,0.130065869964844,1,"#e41a1c"
"175",4.24610101823499,0.126789162257566,1,"#e41a1c"
"176",4.27536923958581,0.123560505593365,1,"#e41a1c"
"177",4.30463746093663,0.120381676824936,1,"#e41a1c"
"178",4.33390568228745,0.117249471270722,1,"#e41a1c"
"179",4.36317390363827,0.114166870292474,1,"#e41a1c"
"180",4.39244212498909,0.111153999220356,1,"#e41a1c"
"181",4.42171034633991,0.108212354870335,1,"#e41a1c"
"182",4.45097856769073,0.105333689040891,1,"#e41a1c"
"183",4.48024678904155,0.102520442959576,1,"#e41a1c"
"184",4.50951501039237,0.0997940291728981,1,"#e41a1c"
"185",4.53878323174319,0.0971570023612491,1,"#e41a1c"
"186",4.56805145309401,0.0945954692842721,1,"#e41a1c"
"187",4.59731967444483,0.0921110769822374,1,"#e41a1c"
"188",4.62658789579565,0.0897244236276581,1,"#e41a1c"
"189",4.65585611714647,0.0874401561313546,1,"#e41a1c"
"190",4.68512433849729,0.0852388922121908,1,"#e41a1c"
"191",4.71439255984811,0.0831213660969473,1,"#e41a1c"
"192",4.74366078119893,0.0811056879617199,1,"#e41a1c"
"193",4.77292900254975,0.0791991675516269,1,"#e41a1c"
"194",4.80219722390057,0.0773778375706445,1,"#e41a1c"
"195",4.83146544525139,0.0756415543722939,1,"#e41a1c"
"196",4.86073366660221,0.0740049161723069,1,"#e41a1c"
"197",4.89000188795303,0.0724779487920076,1,"#e41a1c"
"198",4.91927010930385,0.0710335476759056,1,"#e41a1c"
"199",4.94853833065467,0.0696708472044421,1,"#e41a1c"
"200",4.97780655200549,0.0684005817538416,1,"#e41a1c"
"201",5.00707477335631,0.0672350767753731,1,"#e41a1c"
"202",5.03634299470713,0.0661457662693398,1,"#e41a1c"
"203",5.06561121605795,0.065131271860122,1,"#e41a1c"
"204",5.09487943740876,0.0641986396757128,1,"#e41a1c"
"205",5.12414765875959,0.0633617054631088,1,"#e41a1c"
"206",5.1534158801104,0.0625920459212156,1,"#e41a1c"
"207",5.18268410146123,0.0618879586429916,1,"#e41a1c"
"208",5.21195232281204,0.0612532850437064,1,"#e41a1c"
"209",5.24122054416287,0.0607022903641181,1,"#e41a1c"
"210",5.27048876551368,0.0602080562867976,1,"#e41a1c"
"211",5.29975698686451,0.0597686741389088,1,"#e41a1c"
"212",5.32902520821532,0.0593853817607078,1,"#e41a1c"
"213",5.35829342956614,0.0590715314619487,1,"#e41a1c"
"214",5.38756165091696,0.0588028378880572,1,"#e41a1c"
"215",5.41682987226778,0.0585772237204866,1,"#e41a1c"
"216",5.4460980936186,0.0583939487748073,1,"#e41a1c"
"217",5.47536631496942,0.0582638429270356,1,"#e41a1c"
"218",5.50463453632024,0.0581662939727005,1,"#e41a1c"
"219",5.53390275767106,0.0580990452507309,1,"#e41a1c"
"220",5.56317097902188,0.0580600382150129,1,"#e41a1c"
"221",5.5924392003727,0.0580557258020978,1,"#e41a1c"
"222",5.62170742172352,0.0580702996011462,1,"#e41a1c"
"223",5.65097564307434,0.0581013203929349,1,"#e41a1c"
"224",5.68024386442516,0.0581463460790837,1,"#e41a1c"
"225",5.70951208577598,0.0582049409340282,1,"#e41a1c"
"226",5.7387803071268,0.0582679430836349,1,"#e41a1c"
"227",5.76804852847762,0.0583326098957161,1,"#e41a1c"
"228",5.79731674982844,0.0583963778997009,1,"#e41a1c"
"229",5.82658497117926,0.0584519849634174,1,"#e41a1c"
"230",5.85585319253008,0.0584964155259712,1,"#e41a1c"
"231",5.8851214138809,0.0585273998715857,1,"#e41a1c"
"232",5.91438963523172,0.0585424050198111,1,"#e41a1c"
"233",5.94365785658254,0.0585285548178278,1,"#e41a1c"
"234",5.97292607793336,0.0584876761469288,1,"#e41a1c"
"235",6.00219429928418,0.0584190281508589,1,"#e41a1c"
"236",6.031462520635,0.0583203419867338,1,"#e41a1c"
"237",6.06073074198582,0.0581749142445164,1,"#e41a1c"
"238",6.08999896333664,0.0579879258385428,1,"#e41a1c"
"239",6.11926718468746,0.0577611158905653,1,"#e41a1c"
"240",6.14853540603828,0.0574927515602313,1,"#e41a1c"
"241",6.1778036273891,0.0571645046277376,1,"#e41a1c"
"242",6.20707184873992,0.0567833682499011,1,"#e41a1c"
"243",6.23634007009074,0.0563541706589704,1,"#e41a1c"
"244",6.26560829144156,0.0558759620728674,1,"#e41a1c"
"245",6.29487651279238,0.0553310983239995,1,"#e41a1c"
"246",6.3241447341432,0.0547270103187733,1,"#e41a1c"
"247",6.35341295549402,0.054071666960412,1,"#e41a1c"
"248",6.38268117684484,0.0533650614924967,1,"#e41a1c"
"249",6.41194939819566,0.0525922777362616,1,"#e41a1c"
"250",6.44121761954648,0.0517602146837325,1,"#e41a1c"
"251",6.4704858408973,0.0508793581287946,1,"#e41a1c"
"252",6.49975406224812,0.0499506742130622,1,"#e41a1c"
"253",6.52902228359894,0.0489634252674162,1,"#e41a1c"
"254",6.55829050494976,0.0479235839259851,1,"#e41a1c"
"255",6.58755872630058,0.0468428828773502,1,"#e41a1c"
"256",6.6168269476514,0.0457231487341184,1,"#e41a1c"
"257",6.64609516900222,0.0445584799502781,1,"#e41a1c"
"258",6.67536339035304,0.0433541460117669,1,"#e41a1c"
"259",6.70463161170386,0.0421213917032047,1,"#e41a1c"
"260",6.73389983305468,0.0408626701131955,1,"#e41a1c"
"261",6.7631680544055,0.0395767534235897,1,"#e41a1c"
"262",6.79243627575632,0.0382689471455975,1,"#e41a1c"
"263",6.82170449710714,0.0369481026304313,1,"#e41a1c"
"264",6.85097271845796,0.0356169907255586,1,"#e41a1c"
"265",6.88024093980878,0.0342782129462756,1,"#e41a1c"
"266",6.9095091611596,0.0329381512706705,1,"#e41a1c"
"267",6.93877738251042,0.0316015221467055,1,"#e41a1c"
"268",6.96804560386124,0.0302710905043216,1,"#e41a1c"
"269",6.99731382521206,0.0289520136356693,1,"#e41a1c"
"270",7.02658204656288,0.0276528277110549,1,"#e41a1c"
"271",7.0558502679137,0.0263728301916217,1,"#e41a1c"
"272",7.08511848926452,0.0251144984242655,1,"#e41a1c"
"273",7.11438671061534,0.0238841361721413,1,"#e41a1c"
"274",7.14365493196616,0.0226933069396209,1,"#e41a1c"
"275",7.17292315331698,0.0215352466920801,1,"#e41a1c"
"276",7.2021913746678,0.0204119457727972,1,"#e41a1c"
"277",7.23145959601862,0.0193295691263479,1,"#e41a1c"
"278",7.26072781736944,0.0183032100536681,1,"#e41a1c"
"279",7.28999603872026,0.0173200841016306,1,"#e41a1c"
"280",7.31926426007108,0.0163815925036189,1,"#e41a1c"
"281",7.3485324814219,0.0154927737271335,1,"#e41a1c"
"282",7.37780070277272,0.0146723114870402,1,"#e41a1c"
"283",7.40706892412354,0.013902036173791,1,"#e41a1c"
"284",7.43633714547436,0.013182744337538,1,"#e41a1c"
"285",7.46560536682518,0.0125177275270729,1,"#e41a1c"
"286",7.494873588176,0.0119288848671818,1,"#e41a1c"
"287",7.52414180952682,0.0113937195569838,1,"#e41a1c"
"288",7.55341003087764,0.0109124648050577,1,"#e41a1c"
"289",7.58267825222846,0.0104863946800772,1,"#e41a1c"
"290",7.61194647357928,0.0101398552366568,1,"#e41a1c"
"291",7.6412146949301,0.00984731898402193,1,"#e41a1c"
"292",7.67048291628092,0.009608517864158,1,"#e41a1c"
"293",7.69975113763174,0.00942317537317463,1,"#e41a1c"
"294",7.72901935898256,0.00931560321198539,1,"#e41a1c"
"295",7.75828758033338,0.00925999947097313,1,"#e41a1c"
"296",7.7875558016842,0.00925519680226993,1,"#e41a1c"
"297",7.81682402303502,0.00930047184992131,1,"#e41a1c"
"298",7.84609224438584,0.00941601879039763,1,"#e41a1c"
"299",7.87536046573666,0.00957982451795636,1,"#e41a1c"
"300",7.90462868708748,0.00978898661138627,1,"#e41a1c"
"301",7.9338969084383,0.0100423666479895,1,"#e41a1c"
"302",7.96316512978912,0.0103553599841169,1,"#e41a1c"
"303",7.99243335113994,0.010710127057532,1,"#e41a1c"
"304",8.02170157249076,0.0111024355722054,1,"#e41a1c"
"305",8.05096979384158,0.011530751017619,1,"#e41a1c"
"306",8.0802380151924,0.0120052163452041,1,"#e41a1c"
"307",8.10950623654322,0.0125121209066944,1,"#e41a1c"
"308",8.13877445789404,0.0130465075898033,1,"#e41a1c"
"309",8.16804267924486,0.0136064757870009,1,"#e41a1c"
"310",8.19731090059568,0.0141967410099607,1,"#e41a1c"
"311",8.2265791219465,0.014807317317913,1,"#e41a1c"
"312",8.25584734329732,0.0154333377751911,1,"#e41a1c"
"313",8.28511556464814,0.0160726053727817,1,"#e41a1c"
"314",8.31438378599896,0.0167246029729542,1,"#e41a1c"
"315",8.34365200734978,0.017382362433586,1,"#e41a1c"
"316",8.3729202287006,0.01804210424593,1,"#e41a1c"
"317",8.40218845005142,0.0187014652493093,1,"#e41a1c"
"318",8.43145667140224,0.0193553359331123,1,"#e41a1c"
"319",8.46072489275306,0.0199988316825936,1,"#e41a1c"
"320",8.48999311410388,0.0206303443179918,1,"#e41a1c"
"321",8.5192613354547,0.021247537938813,1,"#e41a1c"
"322",8.54852955680552,0.0218418007479186,1,"#e41a1c"
"323",8.57779777815634,0.0224092907728626,1,"#e41a1c"
"324",8.60706599950715,0.0229515725725259,1,"#e41a1c"
"325",8.63633422085798,0.0234665740452674,1,"#e41a1c"
"326",8.6656024422088,0.0239436216634181,1,"#e41a1c"
"327",8.69487066355962,0.0243789388508853,1,"#e41a1c"
"328",8.72413888491043,0.0247779656588751,1,"#e41a1c"
"329",8.75340710626126,0.0251391340415798,1,"#e41a1c"
"330",8.78267532761208,0.0254513015248009,1,"#e41a1c"
"331",8.81194354896289,0.0257100370899353,1,"#e41a1c"
"332",8.84121177031371,0.0259248508905108,1,"#e41a1c"
"333",8.87047999166453,0.0260948741836058,1,"#e41a1c"
"334",8.89974821301536,0.02620998495251,1,"#e41a1c"
"335",8.92901643436617,0.0262648034096368,1,"#e41a1c"
"336",8.95828465571699,0.0262724580451417,1,"#e41a1c"
"337",8.98755287706781,0.026232885294831,1,"#e41a1c"
"338",9.01682109841864,0.026138121207612,1,"#e41a1c"
"339",9.04608931976945,0.0259820565768371,1,"#e41a1c"
"340",9.07535754112027,0.0257803265009235,1,"#e41a1c"
"341",9.10462576247109,0.0255336620638093,1,"#e41a1c"
"342",9.13389398382191,0.0252368677447814,1,"#e41a1c"
"343",9.16316220517273,0.0248838085618213,1,"#e41a1c"
"344",9.19243042652355,0.0244909878956216,1,"#e41a1c"
"345",9.22169864787437,0.0240598029535683,1,"#e41a1c"
"346",9.25096686922519,0.0235878524774803,1,"#e41a1c"
"347",9.28023509057601,0.0230700123006956,1,"#e41a1c"
"348",9.30950331192683,0.0225217504315912,1,"#e41a1c"
"349",9.33877153327765,0.0219449083326959,1,"#e41a1c"
"350",9.36803975462847,0.0213393916789652,1,"#e41a1c"
"351",9.39730797597929,0.0207022166127892,1,"#e41a1c"
"352",9.42657619733011,0.0200459789808284,1,"#e41a1c"
"353",9.45584441868093,0.0193726935555444,1,"#e41a1c"
"354",9.48511264003175,0.0186837464495437,1,"#e41a1c"
"355",9.51438086138257,0.0179792493112186,1,"#e41a1c"
"356",9.54364908273339,0.0172674803435662,1,"#e41a1c"
"357",9.57291730408421,0.0165503597355579,1,"#e41a1c"
"358",9.60218552543503,0.0158298127063871,1,"#e41a1c"
"359",9.63145374678585,0.0151096030921733,1,"#e41a1c"
"360",9.66072196813667,0.0143928770686722,1,"#e41a1c"
"361",9.68999018948749,0.013681242280946,1,"#e41a1c"
"362",9.71925841083831,0.0129763209734179,1,"#e41a1c"
"363",9.74852663218913,0.0122855624230934,1,"#e41a1c"
"364",9.77779485353995,0.0116069000689832,1,"#e41a1c"
"365",9.80706307489077,0.0109414920846263,1,"#e41a1c"
"366",9.83633129624159,0.0102904878819265,1,"#e41a1c"
"367",9.86559951759241,0.00966327445587442,1,"#e41a1c"
"368",9.89486773894323,0.00905443422076239,1,"#e41a1c"
"369",9.92413596029405,0.0084642109126634,1,"#e41a1c"
"370",9.95340418164487,0.00789325907434917,1,"#e41a1c"
"371",9.98267240299569,0.0073512636293989,1,"#e41a1c"
"372",10.0119406243465,0.0068313106923443,1,"#e41a1c"
"373",10.0412088456973,0.00633251816788605,1,"#e41a1c"
"374",10.0704770670482,0.00585508306995874,1,"#e41a1c"
"375",10.099745288399,0.00540785513601082,1,"#e41a1c"
"376",10.1290135097498,0.00498381475585634,1,"#e41a1c"
"377",10.1582817311006,0.004581042217969,1,"#e41a1c"
"378",10.1875499524514,0.00419937063405608,1,"#e41a1c"
"379",10.2168181738023,0.0038461642207812,1,"#e41a1c"
"380",10.2460863951531,0.00351520138805336,1,"#e41a1c"
"381",10.2753546165039,0.00320380537692401,1,"#e41a1c"
"382",10.3046228378547,0.00291156558940393,1,"#e41a1c"
"383",10.3338910592055,0.00264413466668486,1,"#e41a1c"
"384",10.3631592805564,0.00239653428263903,1,"#e41a1c"
"385",10.3924275019072,0.00216569724562917,1,"#e41a1c"
"386",10.421695723258,0.00195108874373142,1,"#e41a1c"
"387",10.4509639446088,0.0017567331825443,1,"#e41a1c"
"388",10.4802321659596,0.00157898317088258,1,"#e41a1c"
"389",10.5095003873104,0.00141473782230097,1,"#e41a1c"
"390",10.5387686086613,0.00126343742971104,1,"#e41a1c"
"391",10.5680368300121,0.00112774149483292,1,"#e41a1c"
"392",10.5973050513629,0.00100519191241705,1,"#e41a1c"
"393",10.6265732727137,0.000892935061879443,1,"#e41a1c"
"394",10.6558414940645,0.000790455768430591,1,"#e41a1c"
"395",10.6851097154154,0.000699379300977329,1,"#e41a1c"
"396",10.7143779367662,0.000618185419234811,1,"#e41a1c"
"397",10.743646158117,0.000544443282800367,1,"#e41a1c"
"398",10.7729143794678,0.000477720875999722,1,"#e41a1c"
"399",10.8021826008187,0.000418927701785483,1,"#e41a1c"
"400",10.8314508221695,0.000367210131745226,1,"#e41a1c"
"401",10.8607190435203,0.00032063183283221,1,"#e41a1c"
"402",10.8899872648711,0.000278856913283349,1,"#e41a1c"
"403",10.9192554862219,0.000242341648885311,1,"#e41a1c"
"404",10.9485237075727,0.000210662190772864,1,"#e41a1c"
"405",10.9777919289236,0.00018236654122805,1,"#e41a1c"
"406",11.0070601502744,0.0001572101843688,1,"#e41a1c"
"407",11.0363283716252,0.000135388480662638,1,"#e41a1c"
"408",11.065596592976,0.000116728028515293,1,"#e41a1c"
"409",11.0948648143268,0.000100199036000609,1,"#e41a1c"
"410",11.1241330356777,8.56339607241981e-05,1,"#e41a1c"
"411",11.1534012570285,7.30942266383777e-05,1,"#e41a1c"
"412",11.1826694783793,6.25366229346416e-05,1,"#e41a1c"
"413",11.2119376997301,5.32678504868997e-05,1,"#e41a1c"
"414",11.2412059210809,4.51797891463505e-05,1,"#e41a1c"
"415",11.2704741424318,3.82757385696238e-05,1,"#e41a1c"
"416",11.2997423637826,3.25718507342158e-05,1,"#e41a1c"
"417",11.3290105851334,2.76232837849292e-05,1,"#e41a1c"
"418",11.3582788064842,2.33649901960136e-05,1,"#e41a1c"
"419",11.387547027835,1.97828874032956e-05,1,"#e41a1c"
"420",11.4168152491859,1.69184333497951e-05,1,"#e41a1c"
"421",11.4460834705367,1.44972910783414e-05,1,"#e41a1c"
"422",11.4753516918875,1.24847079003535e-05,1,"#e41a1c"
"423",11.5046199132383,1.08686778740631e-05,1,"#e41a1c"
"424",11.5338881345891,9.7083212701617e-06,1,"#e41a1c"
"425",11.56315635594,8.83626628769137e-06,1,"#e41a1c"
"426",11.5924245772908,8.23980718403222e-06,1,"#e41a1c"
"427",11.6216927986416,7.9169403410816e-06,1,"#e41a1c"
"428",11.6509610199924,7.9579550771529e-06,1,"#e41a1c"
"429",11.6802292413432,8.25138250771255e-06,1,"#e41a1c"
"430",11.7094974626941,8.80301619673046e-06,1,"#e41a1c"
"431",11.7387656840449,9.62272918610683e-06,1,"#e41a1c"
"432",11.7680339053957,1.08676037036154e-05,1,"#e41a1c"
"433",11.7973021267465,1.24369923543011e-05,1,"#e41a1c"
"434",11.8265703480973,1.43561780440786e-05,1,"#e41a1c"
"435",11.8558385694482,1.66508284515361e-05,1,"#e41a1c"
"436",11.885106790799,1.95902826816548e-05,1,"#e41a1c"
"437",11.9143750121498,2.30552400711443e-05,1,"#e41a1c"
"438",11.9436432335006,2.70891318981498e-05,1,"#e41a1c"
"439",11.9729114548514,3.17424959313892e-05,1,"#e41a1c"
"440",12.0021796762023,3.74498714015733e-05,1,"#e41a1c"
"441",12.0314478975531,4.4061840227421e-05,1,"#e41a1c"
"442",12.0607161189039,5.16305419811846e-05,1,"#e41a1c"
"443",12.0899843402547,6.02402571360852e-05,1,"#e41a1c"
"444",12.1192525616055,7.05679920045726e-05,1,"#e41a1c"
"445",12.1485207829564,8.2425200624393e-05,1,"#e41a1c"
"446",12.1777890043072,9.58538971794971e-05,1,"#e41a1c"
"447",12.207057225658,0.000110983177559387,1,"#e41a1c"
"448",12.2363254470088,0.000128818767826455,1,"#e41a1c"
"449",12.2655936683596,0.000149141628006557,1,"#e41a1c"
"450",12.2948618897105,0.000171942406525334,1,"#e41a1c"
"451",12.3241301110613,0.000197405707216238,1,"#e41a1c"
"452",12.3533983324121,0.000226948802721435,1,"#e41a1c"
"453",12.3826665537629,0.000260355493478584,1,"#e41a1c"
"454",12.4119347751137,0.000297490563488038,1,"#e41a1c"
"455",12.4412029964646,0.000338600262146501,1,"#e41a1c"
"456",12.4704712178154,0.00038557154105417,1,"#e41a1c"
"457",12.4997394391662,0.000438255452507171,1,"#e41a1c"
"458",12.529007660517,0.000496274373210083,1,"#e41a1c"
"459",12.5582758818678,0.000559932115146378,1,"#e41a1c"
"460",12.5875441032187,0.000631590761119496,1,"#e41a1c"
"461",12.6168123245695,0.000711263989758864,1,"#e41a1c"
"462",12.6460805459203,0.000798172506549427,1,"#e41a1c"
"463",12.6753487672711,0.000892657136665195,1,"#e41a1c"
"464",12.7046169886219,0.000997479189246917,1,"#e41a1c"
"465",12.7338852099728,0.00111292759646242,1,"#e41a1c"
"466",12.7631534313236,0.00123763451716518,1,"#e41a1c"
"467",12.7924216526744,0.00137193582819698,1,"#e41a1c"
"468",12.8216898740252,0.00151881538313409,1,"#e41a1c"
"469",12.850958095376,0.00167893376719797,1,"#e41a1c"
"470",12.8802263167269,0.00185015795677371,1,"#e41a1c"
"471",12.9094945380777,0.00203275449217626,1,"#e41a1c"
"472",12.9387627594285,0.00222965404988675,1,"#e41a1c"
"473",12.9680309807793,0.00244191421362147,1,"#e41a1c"
"474",12.9972992021301,0.0026665333098946,1,"#e41a1c"
"475",13.026567423481,0.00290362728793605,1,"#e41a1c"
"476",13.0558356448318,0.00315573148365366,1,"#e41a1c"
"477",13.0851038661826,0.00342418565738769,1,"#e41a1c"
"478",13.1143720875334,0.00370517052197024,1,"#e41a1c"
"479",13.1436403088842,0.00399856691962084,1,"#e41a1c"
"480",13.1729085302351,0.00430617183868943,1,"#e41a1c"
"481",13.2021767515859,0.00462928688581331,1,"#e41a1c"
"482",13.2314449729367,0.0049635619511573,1,"#e41a1c"
"483",13.2607131942875,0.00530857567400041,1,"#e41a1c"
"484",13.2899814156383,0.00566513160772633,1,"#e41a1c"
"485",13.3192496369892,0.00603393317157733,1,"#e41a1c"
"486",13.34851785834,0.00641067409339165,1,"#e41a1c"
"487",13.3777860796908,0.00679460475845031,1,"#e41a1c"
"488",13.4070543010416,0.00718545747983752,1,"#e41a1c"
"489",13.4363225223924,0.00758256420791948,1,"#e41a1c"
"490",13.4655907437433,0.00798251537310344,1,"#e41a1c"
"491",13.4948589650941,0.0083842678022218,1,"#e41a1c"
"492",13.5241271864449,0.00878664154483434,1,"#e41a1c"
"493",13.5533954077957,0.00918671746910986,1,"#e41a1c"
"494",13.5826636291465,0.00958301816092236,1,"#e41a1c"
"495",13.6119318504974,0.00997431035787409,1,"#e41a1c"
"496",13.6412000718482,0.0103588989967509,1,"#e41a1c"
"497",13.670468293199,0.0107308127652695,1,"#e41a1c"
"498",13.6997365145498,0.0110915406531409,1,"#e41a1c"
"499",13.7290047359006,0.0114398221409517,1,"#e41a1c"
"500",13.7582729572515,0.0117740118304335,1,"#e41a1c"
"501",13.7875411786023,0.0120845939887132,1,"#e41a1c"
"502",13.8168093999531,0.0123768137459085,1,"#e41a1c"
"503",13.8460776213039,0.0126495777335339,1,"#e41a1c"
"504",13.8753458426547,0.0129017969664774,1,"#e41a1c"
"505",13.9046140640056,0.013120722761399,1,"#e41a1c"
"506",13.9338822853564,0.0133153785493298,1,"#e41a1c"
"507",13.9631505067072,0.0134851160515347,1,"#e41a1c"
"508",13.992418728058,0.0136292023600996,1,"#e41a1c"
"509",14.0216869494088,0.0137343661681524,1,"#e41a1c"
"510",14.0509551707597,0.0138110276857764,1,"#e41a1c"
"511",14.0802233921105,0.0138597897680653,1,"#e41a1c"
"512",14.1094916134613,0.0138804061359352,1,"#e41a1c"
"513",-0.846569496807678,0.013394598864728,2,"#377eb8"
"514",-0.817301275456858,0.0141214568500059,2,"#377eb8"
"515",-0.788033054106038,0.0148890401780792,2,"#377eb8"
"516",-0.758764832755218,0.0156787373313551,2,"#377eb8"
"517",-0.729496611404398,0.0165004371297804,2,"#377eb8"
"518",-0.700228390053578,0.0173617571387775,2,"#377eb8"
"519",-0.670960168702758,0.0182463904140499,2,"#377eb8"
"520",-0.641691947351938,0.0191686214472504,2,"#377eb8"
"521",-0.612423726001118,0.020128638076088,2,"#377eb8"
"522",-0.583155504650299,0.021112996299122,2,"#377eb8"
"523",-0.553887283299479,0.0221405771925545,2,"#377eb8"
"524",-0.524619061948659,0.0232033939369269,2,"#377eb8"
"525",-0.495350840597839,0.0242913682954641,2,"#377eb8"
"526",-0.466082619247019,0.0254280129487973,2,"#377eb8"
"527",-0.436814397896199,0.0265966770920433,2,"#377eb8"
"528",-0.407546176545379,0.0277910614080251,2,"#377eb8"
"529",-0.378277955194559,0.029039145928708,2,"#377eb8"
"530",-0.349009733843739,0.0303154519759523,2,"#377eb8"
"531",-0.319741512492919,0.0316196678403491,2,"#377eb8"
"532",-0.290473291142099,0.0329780865666221,2,"#377eb8"
"533",-0.26120506979128,0.0343623899097284,2,"#377eb8"
"534",-0.23193684844046,0.0357786174790786,2,"#377eb8"
"535",-0.20266862708964,0.0372442640200848,2,"#377eb8"
"536",-0.17340040573882,0.0387353124474827,2,"#377eb8"
"537",-0.144132184388,0.0402616501467299,2,"#377eb8"
"538",-0.11486396303718,0.0418319180451592,2,"#377eb8"
"539",-0.08559574168636,0.0434267090524352,2,"#377eb8"
"540",-0.0563275203355401,0.045059241246883,2,"#377eb8"
"541",-0.0270592989847201,0.0467296835166379,2,"#377eb8"
"542",0.00220892236609971,0.0484233554155955,2,"#377eb8"
"543",0.0314771437169197,0.0501560405281902,2,"#377eb8"
"544",0.0607453650677395,0.0519202935819762,2,"#377eb8"
"545",0.0900135864185595,0.0537060580985854,2,"#377eb8"
"546",0.119281807769379,0.0555306710225515,2,"#377eb8"
"547",0.148550029120199,0.0573804259069039,2,"#377eb8"
"548",0.177818250471019,0.0592495492634952,2,"#377eb8"
"549",0.207086471821839,0.0611556865430058,2,"#377eb8"
"550",0.236354693172659,0.0630807135760205,2,"#377eb8"
"551",0.265622914523479,0.0650230494203417,2,"#377eb8"
"552",0.294891135874299,0.0669977064536621,2,"#377eb8"
"553",0.324159357225119,0.06898593789781,2,"#377eb8"
"554",0.353427578575939,0.0709902920083879,2,"#377eb8"
"555",0.382695799926759,0.0730177411115591,2,"#377eb8"
"556",0.411964021277579,0.0750554146501496,2,"#377eb8"
"557",0.441232242628398,0.0771064265725672,2,"#377eb8"
"558",0.470500463979218,0.0791717147344243,2,"#377eb8"
"559",0.499768685330038,0.0812435782971252,2,"#377eb8"
"560",0.529036906680858,0.0833242963791726,2,"#377eb8"
"561",0.558305128031678,0.0854111846453221,2,"#377eb8"
"562",0.587573349382498,0.0875007606146491,2,"#377eb8"
"563",0.616841570733318,0.0895929747493119,2,"#377eb8"
"564",0.646109792084138,0.091684247160358,2,"#377eb8"
"565",0.675378013434958,0.0937741512835767,2,"#377eb8"
"566",0.704646234785778,0.0958587898526167,2,"#377eb8"
"567",0.733914456136598,0.0979366111900079,2,"#377eb8"
"568",0.763182677487418,0.100008918741007,2,"#377eb8"
"569",0.792450898838238,0.102066498770045,2,"#377eb8"
"570",0.821719120189058,0.104112811374125,2,"#377eb8"
"571",0.850987341539877,0.106149460399911,2,"#377eb8"
"572",0.880255562890697,0.108160576385972,2,"#377eb8"
"573",0.909523784241517,0.110157523786198,2,"#377eb8"
"574",0.938792005592337,0.112138294136093,2,"#377eb8"
"575",0.968060226943157,0.114086576541328,2,"#377eb8"
"576",0.997328448293977,0.116016939482048,2,"#377eb8"
"577",1.0265966696448,0.117923398902926,2,"#377eb8"
"578",1.05586489099562,0.119792516177619,2,"#377eb8"
"579",1.08513311234644,0.121640144991976,2,"#377eb8"
"580",1.11440133369726,0.12345530828389,2,"#377eb8"
"581",1.14366955504808,0.125230228463809,2,"#377eb8"
"582",1.1729377763989,0.126980454785534,2,"#377eb8"
"583",1.20220599774972,0.128689155051926,2,"#377eb8"
"584",1.23147421910054,0.130356628592977,2,"#377eb8"
"585",1.26074244045136,0.131996639216708,2,"#377eb8"
"586",1.29001066180218,0.133585945350331,2,"#377eb8"
"587",1.319278883153,0.135134836422176,2,"#377eb8"
"588",1.34854710450382,0.136653992805491,2,"#377eb8"
"589",1.37781532585464,0.138113552605774,2,"#377eb8"
"590",1.40708354720546,0.139535103617954,2,"#377eb8"
"591",1.43635176855628,0.140925192094114,2,"#377eb8"
"592",1.4656199899071,0.14224748306295,2,"#377eb8"
"593",1.49488821125792,0.143535499495495,2,"#377eb8"
"594",1.52415643260874,0.144787261987641,2,"#377eb8"
"595",1.55342465395956,0.145971373398403,2,"#377eb8"
"596",1.58269287531038,0.147122319138837,2,"#377eb8"
"597",1.6119610966612,0.148231118992508,2,"#377eb8"
"598",1.64122931801202,0.14927719210305,2,"#377eb8"
"599",1.67049753936284,0.15029018930033,2,"#377eb8"
"600",1.69976576071365,0.15125595547716,2,"#377eb8"
"601",1.72903398206447,0.152165129690502,2,"#377eb8"
"602",1.75830220341529,0.153041861445125,2,"#377eb8"
"603",1.78757042476611,0.153867345289909,2,"#377eb8"
"604",1.81683864611693,0.154643177614584,2,"#377eb8"
"605",1.84610686746775,0.15538769641245,2,"#377eb8"
"606",1.87537508881857,0.156078208624157,2,"#377eb8"
"607",1.90464331016939,0.156726411250834,2,"#377eb8"
"608",1.93391153152021,0.157344860665533,2,"#377eb8"
"609",1.96317975287103,0.157907906891856,2,"#377eb8"
"610",1.99244797422185,0.158436007511544,2,"#377eb8"
"611",2.02171619557267,0.158936269080101,2,"#377eb8"
"612",2.05098441692349,0.159381101635938,2,"#377eb8"
"613",2.08025263827431,0.15979804169173,2,"#377eb8"
"614",2.10952085962513,0.160187644616511,2,"#377eb8"
"615",2.13878908097595,0.160526430770906,2,"#377eb8"
"616",2.16805730232677,0.160842120089288,2,"#377eb8"
"617",2.19732552367759,0.161129537023128,2,"#377eb8"
"618",2.22659374502841,0.16137506543491,2,"#377eb8"
"619",2.25586196637923,0.161599914011661,2,"#377eb8"
"620",2.28513018773005,0.161796463026716,2,"#377eb8"
"621",2.31439840908087,0.161959217378944,2,"#377eb8"
"622",2.34366663043169,0.162103666339125,2,"#377eb8"
"623",2.37293485178251,0.162220533276723,2,"#377eb8"
"624",2.40220307313333,0.162310669621961,2,"#377eb8"
"625",2.43147129448415,0.162384743437442,2,"#377eb8"
"626",2.46073951583497,0.16243247055613,2,"#377eb8"
"627",2.49000773718579,0.16245940181664,2,"#377eb8"
"628",2.51927595853661,0.162472302723875,2,"#377eb8"
"629",2.54854417988743,0.162460338199876,2,"#377eb8"
"630",2.57781240123825,0.162432376414573,2,"#377eb8"
"631",2.60708062258907,0.162392139680984,2,"#377eb8"
"632",2.63634884393989,0.16232847033234,2,"#377eb8"
"633",2.66561706529071,0.162252542575981,2,"#377eb8"
"634",2.69488528664153,0.162165483260703,2,"#377eb8"
"635",2.72415350799235,0.162056652526177,2,"#377eb8"
"636",2.75342172934317,0.16193810237617,2,"#377eb8"
"637",2.78268995069399,0.161808025428125,2,"#377eb8"
"638",2.81195817204481,0.161659587225865,2,"#377eb8"
"639",2.84122639339563,0.161502068978143,2,"#377eb8"
"640",2.87049461474645,0.161332387196469,2,"#377eb8"
"641",2.89976283609727,0.161146662178384,2,"#377eb8"
"642",2.92903105744809,0.160952129996886,2,"#377eb8"
"643",2.95829927879891,0.160744359092803,2,"#377eb8"
"644",2.98756750014973,0.160522023183176,2,"#377eb8"
"645",3.01683572150055,0.160290812310275,2,"#377eb8"
"646",3.04610394285137,0.160044701109751,2,"#377eb8"
"647",3.07537216420219,0.159784935779226,2,"#377eb8"
"648",3.10464038555301,0.15951592814038,2,"#377eb8"
"649",3.13390860690383,0.159229687609947,2,"#377eb8"
"650",3.16317682825465,0.15893040507014,2,"#377eb8"
"651",3.19244504960547,0.158621267358878,2,"#377eb8"
"652",3.22171327095629,0.158291881242498,2,"#377eb8"
"653",3.25098149230711,0.157950009690836,2,"#377eb8"
"654",3.28024971365793,0.157597488564343,2,"#377eb8"
"655",3.30951793500875,0.15722108429956,2,"#377eb8"
"656",3.33878615635957,0.156832895717707,2,"#377eb8"
"657",3.36805437771039,0.156431373443234,2,"#377eb8"
"658",3.39732259906121,0.156005408201611,2,"#377eb8"
"659",3.42659082041203,0.15556686967198,2,"#377eb8"
"660",3.45585904176285,0.155111809409352,2,"#377eb8"
"661",3.48512726311367,0.154632397853198,2,"#377eb8"
"662",3.51439548446449,0.154139526959042,2,"#377eb8"
"663",3.54366370581531,0.153626715006698,2,"#377eb8"
"664",3.57293192716613,0.153090147554474,2,"#377eb8"
"665",3.60220014851695,0.152539353145137,2,"#377eb8"
"666",3.63146836986777,0.151965141356305,2,"#377eb8"
"667",3.66073659121859,0.151368348812075,2,"#377eb8"
"668",3.69000481256941,0.150756740148632,2,"#377eb8"
"669",3.71927303392023,0.150118390733874,2,"#377eb8"
"670",3.74854125527105,0.14945921733973,2,"#377eb8"
"671",3.77780947662187,0.148784867226522,2,"#377eb8"
"672",3.80707769797269,0.148080835076742,2,"#377eb8"
"673",3.83634591932351,0.147358256140027,2,"#377eb8"
"674",3.86561414067433,0.146620406884571,2,"#377eb8"
"675",3.89488236202515,0.145850547057177,2,"#377eb8"
"676",3.92415058337597,0.145064823029956,2,"#377eb8"
"677",3.95341880472679,0.144262469148865,2,"#377eb8"
"678",3.98268702607761,0.143429720777746,2,"#377eb8"
"679",4.01195524742843,0.142582483450111,2,"#377eb8"
"680",4.04122346877925,0.141716960868538,2,"#377eb8"
"681",4.07049169013007,0.140824871815715,2,"#377eb8"
"682",4.09975991148089,0.13991914200938,2,"#377eb8"
"683",4.12902813283171,0.138994170616645,2,"#377eb8"
"684",4.15829635418253,0.138046818561033,2,"#377eb8"
"685",4.18756457553335,0.137086958155762,2,"#377eb8"
"686",4.21683279688417,0.136107734414429,2,"#377eb8"
"687",4.24610101823499,0.135110457832132,2,"#377eb8"
"688",4.27536923958581,0.13410206194545,2,"#377eb8"
"689",4.30463746093663,0.133075109167529,2,"#377eb8"
"690",4.33390568228745,0.132034357049878,2,"#377eb8"
"691",4.36317390363827,0.130984094591588,2,"#377eb8"
"692",4.39244212498909,0.129917054397148,2,"#377eb8"
"693",4.42171034633991,0.128840192427376,2,"#377eb8"
"694",4.45097856769073,0.127755604991951,2,"#377eb8"
"695",4.48024678904155,0.126656983434589,2,"#377eb8"
"696",4.50951501039237,0.125552067517987,2,"#377eb8"
"697",4.53878323174319,0.124441037879682,2,"#377eb8"
"698",4.56805145309401,0.123320220519409,2,"#377eb8"
"699",4.59731967444483,0.122195749073747,2,"#377eb8"
"700",4.62658789579565,0.121066890402454,2,"#377eb8"
"701",4.65585611714647,0.119933201339377,2,"#377eb8"
"702",4.68512433849729,0.118797857683545,2,"#377eb8"
"703",4.71439255984811,0.117660560194459,2,"#377eb8"
"704",4.74366078119893,0.116522653762566,2,"#377eb8"
"705",4.77292900254975,0.115385049389687,2,"#377eb8"
"706",4.80219722390057,0.114248531309335,2,"#377eb8"
"707",4.83146544525139,0.113114793201661,2,"#377eb8"
"708",4.86073366660221,0.11198322180111,2,"#377eb8"
"709",4.89000188795303,0.110856247354309,2,"#377eb8"
"710",4.91927010930385,0.10973456361703,2,"#377eb8"
"711",4.94853833065467,0.108616774531695,2,"#377eb8"
"712",4.97780655200549,0.107507399383749,2,"#377eb8"
"713",5.00707477335631,0.106404950995206,2,"#377eb8"
"714",5.03634299470713,0.105307949469078,2,"#377eb8"
"715",5.06561121605795,0.104223302349195,2,"#377eb8"
"716",5.09487943740876,0.103146391567991,2,"#377eb8"
"717",5.12414765875959,0.102076442829308,2,"#377eb8"
"718",5.1534158801104,0.101022379066584,2,"#377eb8"
"719",5.18268410146123,0.0999762923209985,2,"#377eb8"
"720",5.21195232281204,0.0989396560806497,2,"#377eb8"
"721",5.24122054416287,0.0979197659467687,2,"#377eb8"
"722",5.27048876551368,0.0969086766460494,2,"#377eb8"
"723",5.29975698686451,0.09590950278444,2,"#377eb8"
"724",5.32902520821532,0.0949270501099694,2,"#377eb8"
"725",5.35829342956614,0.0939539634008018,2,"#377eb8"
"726",5.38756165091696,0.0929950770222713,2,"#377eb8"
"727",5.41682987226778,0.0920521429978761,2,"#377eb8"
"728",5.4460980936186,0.0911188831643792,2,"#377eb8"
"729",5.47536631496942,0.0902017865641138,2,"#377eb8"
"730",5.50463453632024,0.089299291188957,2,"#377eb8"
"731",5.53390275767106,0.0884065310914414,2,"#377eb8"
"732",5.56317097902188,0.0875314566569874,2,"#377eb8"
"733",5.5924392003727,0.0866692207747649,2,"#377eb8"
"734",5.62170742172352,0.0858165514311251,2,"#377eb8"
"735",5.65097564307434,0.0849825623897579,2,"#377eb8"
"736",5.68024386442516,0.0841594073424221,2,"#377eb8"
"737",5.70951208577598,0.08334544447486,2,"#377eb8"
"738",5.7387803071268,0.0825505786793498,2,"#377eb8"
"739",5.76804852847762,0.0817644593461711,2,"#377eb8"
"740",5.79731674982844,0.0809881474116194,2,"#377eb8"
"741",5.82658497117926,0.0802284327356353,2,"#377eb8"
"742",5.85585319253008,0.0794765985128116,2,"#377eb8"
"743",5.8851214138809,0.078734946589791,2,"#377eb8"
"744",5.91438963523172,0.0780070398905745,2,"#377eb8"
"745",5.94365785658254,0.0772862170516469,2,"#377eb8"
"746",5.97292607793336,0.0765755484617385,2,"#377eb8"
"747",6.00219429928418,0.0758759001061377,2,"#377eb8"
"748",6.031462520635,0.0751824880287593,2,"#377eb8"
"749",6.06073074198582,0.0744988359341759,2,"#377eb8"
"750",6.08999896333664,0.0738237295375797,2,"#377eb8"
"751",6.11926718468746,0.0731540025596451,2,"#377eb8"
"752",6.14853540603828,0.0724933469113041,2,"#377eb8"
"753",6.1778036273891,0.0718390994791143,2,"#377eb8"
"754",6.20707184873992,0.0711894057298724,2,"#377eb8"
"755",6.23634007009074,0.0705479022208444,2,"#377eb8"
"756",6.26560829144156,0.0699110541043063,2,"#377eb8"
"757",6.29487651279238,0.0692780026085216,2,"#377eb8"
"758",6.3241447341432,0.0686521925868837,2,"#377eb8"
"759",6.35341295549402,0.0680296788363435,2,"#377eb8"
"760",6.38268117684484,0.0674105894555176,2,"#377eb8"
"761",6.41194939819566,0.0667972976281204,2,"#377eb8"
"762",6.44121761954648,0.0661865930708062,2,"#377eb8"
"763",6.4704858408973,0.0655791171276959,2,"#377eb8"
"764",6.49975406224812,0.0649761128068142,2,"#377eb8"
"765",6.52902228359894,0.0643753443511427,2,"#377eb8"
"766",6.55829050494976,0.0637776919644888,2,"#377eb8"
"767",6.58755872630058,0.063183664638913,2,"#377eb8"
"768",6.6168269476514,0.0625916858732855,2,"#377eb8"
"769",6.64609516900222,0.0620029033941576,2,"#377eb8"
"770",6.67536339035304,0.0614173001206783,2,"#377eb8"
"771",6.70463161170386,0.0608337251588156,2,"#377eb8"
"772",6.73389983305468,0.0602537173689269,2,"#377eb8"
"773",6.7631680544055,0.0596767429382823,2,"#377eb8"
"774",6.79243627575632,0.0591019385632959,2,"#377eb8"
"775",6.82170449710714,0.0585314399556178,2,"#377eb8"
"776",6.85097271845796,0.0579640162152248,2,"#377eb8"
"777",6.88024093980878,0.0573990535666364,2,"#377eb8"
"778",6.9095091611596,0.0568395514799133,2,"#377eb8"
"779",6.93877738251042,0.0562832388626806,2,"#377eb8"
"780",6.96804560386124,0.055729996403455,2,"#377eb8"
"781",6.99731382521206,0.0551834232413927,2,"#377eb8"
"782",7.02658204656288,0.0546403095455838,2,"#377eb8"
"783",7.0558502679137,0.0541014352308211,2,"#377eb8"
"784",7.08511848926452,0.0535699352262504,2,"#377eb8"
"785",7.11438671061534,0.0530424983895249,2,"#377eb8"
"786",7.14365493196616,0.0525207662654555,2,"#377eb8"
"787",7.17292315331698,0.0520070185099131,2,"#377eb8"
"788",7.2021913746678,0.0514979714095406,2,"#377eb8"
"789",7.23145959601862,0.0509963613434327,2,"#377eb8"
"790",7.26072781736944,0.0505031498016917,2,"#377eb8"
"791",7.28999603872026,0.050015275908777,2,"#377eb8"
"792",7.31926426007108,0.0495367792869847,2,"#377eb8"
"793",7.3485324814219,0.0490668275867526,2,"#377eb8"
"794",7.37780070277272,0.0486028165560896,2,"#377eb8"
"795",7.40706892412354,0.0481502460255205,2,"#377eb8"
"796",7.43633714547436,0.0477060594459288,2,"#377eb8"
"797",7.46560536682518,0.0472683514242447,2,"#377eb8"
"798",7.494873588176,0.046844165614922,2,"#377eb8"
"799",7.52414180952682,0.0464278883996278,2,"#377eb8"
"800",7.55341003087764,0.0460186642493101,2,"#377eb8"
"801",7.58267825222846,0.0456246877824768,2,"#377eb8"
"802",7.61194647357928,0.045237982683524,2,"#377eb8"
"803",7.6412146949301,0.0448598462552235,2,"#377eb8"
"804",7.67048291628092,0.0444963531358904,2,"#377eb8"
"805",7.69975113763174,0.044140308498667,2,"#377eb8"
"806",7.72901935898256,0.043794245476653,2,"#377eb8"
"807",7.75828758033338,0.0434618315188102,2,"#377eb8"
"808",7.7875558016842,0.0431368993635238,2,"#377eb8"
"809",7.81682402303502,0.0428231646365411,2,"#377eb8"
"810",7.84609224438584,0.042521762600951,2,"#377eb8"
"811",7.87536046573666,0.0422277291739531,2,"#377eb8"
"812",7.90462868708748,0.0419458250301429,2,"#377eb8"
"813",7.9338969084383,0.0416747011283339,2,"#377eb8"
"814",7.96316512978912,0.0414106894240816,2,"#377eb8"
"815",7.99243335113994,0.0411593822074515,2,"#377eb8"
"816",8.02170157249076,0.0409171628024514,2,"#377eb8"
"817",8.05096979384158,0.0406816647253611,2,"#377eb8"
"818",8.0802380151924,0.0404590361149994,2,"#377eb8"
"819",8.10950623654322,0.0402437609481187,2,"#377eb8"
"820",8.13877445789404,0.0400346952098583,2,"#377eb8"
"821",8.16804267924486,0.0398382223493687,2,"#377eb8"
"822",8.19731090059568,0.0396474193452674,2,"#377eb8"
"823",8.2265791219465,0.0394629167808919,2,"#377eb8"
"824",8.25584734329732,0.03928886729002,2,"#377eb8"
"825",8.28511556464814,0.0391196431256002,2,"#377eb8"
"826",8.31438378599896,0.0389566052431611,2,"#377eb8"
"827",8.34365200734978,0.0388016874440254,2,"#377eb8"
"828",8.3729202287006,0.0386508276469019,2,"#377eb8"
"829",8.40218845005142,0.0385056936297268,2,"#377eb8"
"830",8.43145667140224,0.0383665124406887,2,"#377eb8"
"831",8.46072489275306,0.0382305848130776,2,"#377eb8"
"832",8.48999311410388,0.0380995884453858,2,"#377eb8"
"833",8.5192613354547,0.0379726117309107,2,"#377eb8"
"834",8.54852955680552,0.0378480673452008,2,"#377eb8"
"835",8.57779777815634,0.0377273530537615,2,"#377eb8"
"836",8.60706599950715,0.0376090070327635,2,"#377eb8"
"837",8.63633422085798,0.0374922738572074,2,"#377eb8"
"838",8.6656024422088,0.0373780016464177,2,"#377eb8"
"839",8.69487066355962,0.0372647556820181,2,"#377eb8"
"840",8.72413888491043,0.0371523209865788,2,"#377eb8"
"841",8.75340710626126,0.0370407560014758,2,"#377eb8"
"842",8.78267532761208,0.0369291939801761,2,"#377eb8"
"843",8.81194354896289,0.0368176350102492,2,"#377eb8"
"844",8.84121177031371,0.0367052571744761,2,"#377eb8"
"845",8.87047999166453,0.0365921340210796,2,"#377eb8"
"846",8.89974821301536,0.0364780288978149,2,"#377eb8"
"847",8.92901643436617,0.0363617287501992,2,"#377eb8"
"848",8.95828465571699,0.0362440119410863,2,"#377eb8"
"849",8.98755287706781,0.0361241620300567,2,"#377eb8"
"850",9.01682109841864,0.0360010925805641,2,"#377eb8"
"851",9.04608931976945,0.0358759897109018,2,"#377eb8"
"852",9.07535754112027,0.0357474739060091,2,"#377eb8"
"853",9.10462576247109,0.0356150417015959,2,"#377eb8"
"854",9.13389398382191,0.0354800161450687,2,"#377eb8"
"855",9.16316220517273,0.0353402049556831,2,"#377eb8"
"856",9.19243042652355,0.0351960780831813,2,"#377eb8"
"857",9.22169864787437,0.0350488554898871,2,"#377eb8"
"858",9.25096686922519,0.0348954153325366,2,"#377eb8"
"859",9.28023509057601,0.0347375248209005,2,"#377eb8"
"860",9.30950331192683,0.0345760935892558,2,"#377eb8"
"861",9.33877153327765,0.0344069853975993,2,"#377eb8"
"862",9.36803975462847,0.0342335232256062,2,"#377eb8"
"863",9.39730797597929,0.0340559075346082,2,"#377eb8"
"864",9.42657619733011,0.0338696082948061,2,"#377eb8"
"865",9.45584441868093,0.0336790249988204,2,"#377eb8"
"866",9.48511264003175,0.0334832285764626,2,"#377eb8"
"867",9.51438086138257,0.0332787840088575,2,"#377eb8"
"868",9.54364908273339,0.0330697883919186,2,"#377eb8"
"869",9.57291730408421,0.032854499626858,2,"#377eb8"
"870",9.60218552543503,0.032630822383682,2,"#377eb8"
"871",9.63145374678585,0.0324023851111699,2,"#377eb8"
"872",9.66072196813667,0.0321665892243564,2,"#377eb8"
"873",9.68999018948749,0.0319228599889962,2,"#377eb8"
"874",9.71925841083831,0.0316742219931378,2,"#377eb8"
"875",9.74852663218913,0.0314172129107224,2,"#377eb8"
"876",9.77779485353995,0.0311528927330914,2,"#377eb8"
"877",9.80706307489077,0.0308835784239121,2,"#377eb8"
"878",9.83633129624159,0.0306049762699112,2,"#377eb8"
"879",9.86559951759241,0.0303198230353782,2,"#377eb8"
"880",9.89486773894323,0.0300296574170207,2,"#377eb8"
"881",9.92413596029405,0.0297294300343993,2,"#377eb8"
"882",9.95340418164487,0.029423517493559,2,"#377eb8"
"883",9.98267240299569,0.0291125804100833,2,"#377eb8"
"884",10.0119406243465,0.0287911314334665,2,"#377eb8"
"885",10.0412088456973,0.0284648685798348,2,"#377eb8"
"886",10.0704770670482,0.0281329599041299,2,"#377eb8"
"887",10.099745288399,0.0277917040298112,2,"#377eb8"
"888",10.1290135097498,0.0274458521983573,2,"#377eb8"
"889",10.1582817311006,0.0270939047966562,2,"#377eb8"
"890",10.1875499524514,0.0267338871770539,2,"#377eb8"
"891",10.2168181738023,0.0263695720820736,2,"#377eb8"
"892",10.2460863951531,0.0259989314696145,2,"#377eb8"
"893",10.2753546165039,0.0256215660231292,2,"#377eb8"
"894",10.3046228378547,0.025240282069548,2,"#377eb8"
"895",10.3338910592055,0.0248527078672917,2,"#377eb8"
"896",10.3631592805564,0.0244597736902145,2,"#377eb8"
"897",10.3924275019072,0.0240633782646018,2,"#377eb8"
"898",10.421695723258,0.0236610325022855,2,"#377eb8"
"899",10.4509639446088,0.0232546588048551,2,"#377eb8"
"900",10.4802321659596,0.0228453548461239,2,"#377eb8"
"901",10.5095003873104,0.0224307752878936,2,"#377eb8"
"902",10.5387686086613,0.0220134137833412,2,"#377eb8"
"903",10.5680368300121,0.0215937196951698,2,"#377eb8"
"904",10.5973050513629,0.0211697774621055,2,"#377eb8"
"905",10.6265732727137,0.020744161990963,2,"#377eb8"
"906",10.6558414940645,0.0203167038996883,2,"#377eb8"
"907",10.6851097154154,0.0198867107824211,2,"#377eb8"
"908",10.7143779367662,0.0194558048466269,2,"#377eb8"
"909",10.743646158117,0.0190237860036441,2,"#377eb8"
"910",10.7729143794678,0.0185908991408695,2,"#377eb8"
"911",10.8021826008187,0.0181578328800249,2,"#377eb8"
"912",10.8314508221695,0.0177246767711637,2,"#377eb8"
"913",10.8607190435203,0.0172921085228829,2,"#377eb8"
"914",10.8899872648711,0.0168601074204243,2,"#377eb8"
"915",10.9192554862219,0.0164293160420353,2,"#377eb8"
"916",10.9485237075727,0.0160003135858736,2,"#377eb8"
"917",10.9777919289236,0.0155726217887658,2,"#377eb8"
"918",11.0070601502744,0.0151476842188897,2,"#377eb8"
"919",11.0363283716252,0.0147254508817368,2,"#377eb8"
"920",11.065596592976,0.0143052524114512,2,"#377eb8"
"921",11.0948648143268,0.0138895524595907,2,"#377eb8"
"922",11.1241330356777,0.0134771697685964,2,"#377eb8"
"923",11.1534012570285,0.0130675110693379,2,"#377eb8"
"924",11.1826694783793,0.0126642384343163,2,"#377eb8"
"925",11.2119376997301,0.0122645922933948,2,"#377eb8"
"926",11.2412059210809,0.0118686463208196,2,"#377eb8"
"927",11.2704741424318,0.0114803786407388,2,"#377eb8"
"928",11.2997423637826,0.0110960927880983,2,"#377eb8"
"929",11.3290105851334,0.0107168202831149,2,"#377eb8"
"930",11.3582788064842,0.0103457272221203,2,"#377eb8"
"931",11.387547027835,0.00997910668044131,2,"#377eb8"
"932",11.4168152491859,0.00961888288851381,2,"#377eb8"
"933",11.4460834705367,0.00926698956524642,2,"#377eb8"
"934",11.4753516918875,0.00891997619954581,2,"#377eb8"
"935",11.5046199132383,0.00858075435050785,2,"#377eb8"
"936",11.5338881345891,0.00824969682145083,2,"#377eb8"
"937",11.56315635594,0.00792383841988752,2,"#377eb8"
"938",11.5924245772908,0.00760711930383617,2,"#377eb8"
"939",11.6216927986416,0.00729812507435473,2,"#377eb8"
"940",11.6509610199924,0.00699455861806122,2,"#377eb8"
"941",11.6802292413432,0.00670137764719024,2,"#377eb8"
"942",11.7094974626941,0.006415260361414,2,"#377eb8"
"943",11.7387656840449,0.00613470940442607,2,"#377eb8"
"944",11.7680339053957,0.00586564067826668,2,"#377eb8"
"945",11.7973021267465,0.00560280832482718,2,"#377eb8"
"946",11.8265703480973,0.00534587184865698,2,"#377eb8"
"947",11.8558385694482,0.00510076972326558,2,"#377eb8"
"948",11.885106790799,0.00486124508116951,2,"#377eb8"
"949",11.9143750121498,0.00462846391532909,2,"#377eb8"
"950",11.9436432335006,0.00440645252823474,2,"#377eb8"
"951",11.9729114548514,0.00418990408603876,2,"#377eb8"
"952",12.0021796762023,0.00398081419072518,2,"#377eb8"
"953",12.0314478975531,0.00378131118576025,2,"#377eb8"
"954",12.0607161189039,0.00358709241799595,2,"#377eb8"
"955",12.0899843402547,0.00340089086616511,2,"#377eb8"
"956",12.1192525616055,0.00322303437458803,2,"#377eb8"
"957",12.1485207829564,0.00305022906035592,2,"#377eb8"
"958",12.1777890043072,0.00288582906925132,2,"#377eb8"
"959",12.207057225658,0.00272852620659401,2,"#377eb8"
"960",12.2363254470088,0.00257599742337895,2,"#377eb8"
"961",12.2655936683596,0.00243208683178349,2,"#377eb8"
"962",12.2948618897105,0.00229406398108388,2,"#377eb8"
"963",12.3241301110613,0.00216050448930381,2,"#377eb8"
"964",12.3533983324121,0.00203560482973265,2,"#377eb8"
"965",12.3826665537629,0.00191545758437922,2,"#377eb8"
"966",12.4119347751137,0.00179947271643086,2,"#377eb8"
"967",12.4412029964646,0.00169196315049881,2,"#377eb8"
"968",12.4704712178154,0.00158820406284644,2,"#377eb8"
"969",12.4997394391662,0.00148882453300782,2,"#377eb8"
"970",12.529007660517,0.00139652932706227,2,"#377eb8"
"971",12.5582758818678,0.00130763194519902,2,"#377eb8"
"972",12.5875441032187,0.00122320420938221,2,"#377eb8"
"973",12.6168123245695,0.00114459304908189,2,"#377eb8"
"974",12.6460805459203,0.00106903109502853,2,"#377eb8"
"975",12.6753487672711,0.000997914232752329,2,"#377eb8"
"976",12.7046169886219,0.000931484218856829,2,"#377eb8"
"977",12.7338852099728,0.000867765140188604,2,"#377eb8"
"978",12.7631534313236,0.000808367923159256,2,"#377eb8"
"979",12.7924216526744,0.000752672275073194,2,"#377eb8"
"980",12.8216898740252,0.000699364765005578,2,"#377eb8"
"981",12.850958095376,0.000650175243268681,2,"#377eb8"
"982",12.8802263167269,0.00060384588302089,2,"#377eb8"
"983",12.9094945380777,0.000559601292517393,2,"#377eb8"
"984",12.9387627594285,0.000519208948786768,2,"#377eb8"
"985",12.9680309807793,0.000480973127559777,2,"#377eb8"
"986",12.9972992021301,0.000444540973331729,2,"#377eb8"
"987",13.026567423481,0.000411651842987878,2,"#377eb8"
"988",13.0558356448318,0.000380343204596505,2,"#377eb8"
"989",13.0851038661826,0.000350759416217562,2,"#377eb8"
"990",13.1143720875334,0.000324026618604865,2,"#377eb8"
"991",13.1436403088842,0.00029859126701177,2,"#377eb8"
"992",13.1729085302351,0.000274805876888643,2,"#377eb8"
"993",13.2021767515859,0.000253210285980638,2,"#377eb8"
"994",13.2314449729367,0.000232708537685175,2,"#377eb8"
"995",13.2607131942875,0.000213745382814712,2,"#377eb8"
"996",13.2899814156383,0.000196435504387786,2,"#377eb8"
"997",13.3192496369892,0.000180040065597039,2,"#377eb8"
"998",13.34851785834,0.000165048007311047,2,"#377eb8"
"999",13.3777860796908,0.000151281272108031,2,"#377eb8"
"1000",13.4070543010416,0.000138272591904461,2,"#377eb8"
"1001",13.4363225223924,0.0001265190528184,2,"#377eb8"
"1002",13.4655907437433,0.000115655416776232,2,"#377eb8"
"1003",13.4948589650941,0.000105414939612687,2,"#377eb8"
"1004",13.5241271864449,9.62771962599833e-05,2,"#377eb8"
"1005",13.5533954077957,8.77711918936931e-05,2,"#377eb8"
"1006",13.5826636291465,7.97731750038558e-05,2,"#377eb8"
"1007",13.6119318504974,7.2728221187358e-05,2,"#377eb8"
"1008",13.6412000718482,6.61200610648681e-05,2,"#377eb8"
"1009",13.670468293199,5.99535729450952e-05,2,"#377eb8"
"1010",13.6997365145498,5.45362256329364e-05,2,"#377eb8"
"1011",13.7290047359006,4.94424700321623e-05,2,"#377eb8"
"1012",13.7582729572515,4.47474092398032e-05,2,"#377eb8"
"1013",13.7875411786023,4.05938897776708e-05,2,"#377eb8"
"1014",13.8168093999531,3.66980964545373e-05,2,"#377eb8"
"1015",13.8460776213039,3.31530044185423e-05,2,"#377eb8"
"1016",13.8753458426547,2.99930717972903e-05,2,"#377eb8"
"1017",13.9046140640056,2.7036752610973e-05,2,"#377eb8"
"1018",13.9338822853564,2.43821345017129e-05,2,"#377eb8"
"1019",13.9631505067072,2.19966939091519e-05,2,"#377eb8"
"1020",13.992418728058,1.97708156743522e-05,2,"#377eb8"
"1021",14.0216869494088,1.77994377117683e-05,2,"#377eb8"
"1022",14.0509551707597,1.60125987464374e-05,2,"#377eb8"
"1023",14.0802233921105,1.43497874810791e-05,2,"#377eb8"
"1024",14.1094916134613,1.28978901479597e-05,2,"#377eb8"
"1025",-0.846569496807678,0.0167944233417436,3,"#4daf4a"
"1026",-0.817301275456858,0.0177344370590792,3,"#4daf4a"
"1027",-0.788033054106038,0.0187032012763953,3,"#4daf4a"
"1028",-0.758764832755218,0.0197001658970473,3,"#4daf4a"
"1029",-0.729496611404398,0.0207539155748251,3,"#4daf4a"
"1030",-0.700228390053578,0.0218355420672183,3,"#4daf4a"
"1031",-0.670960168702758,0.0229492853077645,3,"#4daf4a"
"1032",-0.641691947351938,0.024118108487288,3,"#4daf4a"
"1033",-0.612423726001118,0.0253151971938199,3,"#4daf4a"
"1034",-0.583155504650299,0.0265479007266204,3,"#4daf4a"
"1035",-0.553887283299479,0.0278328723541843,3,"#4daf4a"
"1036",-0.524619061948659,0.0291459990509822,3,"#4daf4a"
"1037",-0.495350840597839,0.0304975525076865,3,"#4daf4a"
"1038",-0.466082619247019,0.0318974900307587,3,"#4daf4a"
"1039",-0.436814397896199,0.0333249123640069,3,"#4daf4a"
"1040",-0.407546176545379,0.0347925998358826,3,"#4daf4a"
"1041",-0.378277955194559,0.0363038048411482,3,"#4daf4a"
"1042",-0.349009733843739,0.037841216093495,3,"#4daf4a"
"1043",-0.319741512492919,0.0394194644095017,3,"#4daf4a"
"1044",-0.290473291142099,0.0410355268090565,3,"#4daf4a"
"1045",-0.26120506979128,0.0426758759875657,3,"#4daf4a"
"1046",-0.23193684844046,0.0443560865940699,3,"#4daf4a"
"1047",-0.20266862708964,0.0460677694626118,3,"#4daf4a"
"1048",-0.17340040573882,0.0478011655633491,3,"#4daf4a"
"1049",-0.144132184388,0.0495716504265862,3,"#4daf4a"
"1050",-0.11486396303718,0.0513668719133456,3,"#4daf4a"
"1051",-0.08559574168636,0.0531805883151074,3,"#4daf4a"
"1052",-0.0563275203355401,0.055026627360717,3,"#4daf4a"
"1053",-0.0270592989847201,0.0568905532076322,3,"#4daf4a"
"1054",0.00220892236609971,0.0587691450292718,3,"#4daf4a"
"1055",0.0314771437169197,0.0606731782034832,3,"#4daf4a"
"1056",0.0607453650677395,0.0625884343156895,3,"#4daf4a"
"1057",0.0900135864185595,0.0645140794276852,3,"#4daf4a"
"1058",0.119281807769379,0.0664559384495101,3,"#4daf4a"
"1059",0.148550029120199,0.0684029477923112,3,"#4daf4a"
"1060",0.177818250471019,0.070355691398984,3,"#4daf4a"
"1061",0.207086471821839,0.0723131946118718,3,"#4daf4a"
"1062",0.236354693172659,0.0742706366464826,3,"#4daf4a"
"1063",0.265622914523479,0.076227588307222,3,"#4daf4a"
"1064",0.294891135874299,0.0781784389183608,3,"#4daf4a"
"1065",0.324159357225119,0.0801238231189836,3,"#4daf4a"
"1066",0.353427578575939,0.0820610229534041,3,"#4daf4a"
"1067",0.382695799926759,0.0839822679040263,3,"#4daf4a"
"1068",0.411964021277579,0.0858926059776324,3,"#4daf4a"
"1069",0.441232242628398,0.0877858030193068,3,"#4daf4a"
"1070",0.470500463979218,0.0896545682293164,3,"#4daf4a"
"1071",0.499768685330038,0.091507122898827,3,"#4daf4a"
"1072",0.529036906680858,0.0933326316566624,3,"#4daf4a"
"1073",0.558305128031678,0.0951269118905057,3,"#4daf4a"
"1074",0.587573349382498,0.0968999939445972,3,"#4daf4a"
"1075",0.616841570733318,0.0986355935136245,3,"#4daf4a"
"1076",0.646109792084138,0.10033506433495,3,"#4daf4a"
"1077",0.675378013434958,0.102008844537207,3,"#4daf4a"
"1078",0.704646234785778,0.103634678953074,3,"#4daf4a"
"1079",0.733914456136598,0.105221494280613,3,"#4daf4a"
"1080",0.763182677487418,0.106778793079754,3,"#4daf4a"
"1081",0.792450898838238,0.108278227976523,3,"#4daf4a"
"1082",0.821719120189058,0.109737764552242,3,"#4daf4a"
"1083",0.850987341539877,0.111164780692503,3,"#4daf4a"
"1084",0.880255562890697,0.112525170110334,3,"#4daf4a"
"1085",0.909523784241517,0.113846680015854,3,"#4daf4a"
"1086",0.938792005592337,0.115133619367711,3,"#4daf4a"
"1087",0.968060226943157,0.116346938033828,3,"#4daf4a"
"1088",0.997328448293977,0.117524072400048,3,"#4daf4a"
"1089",1.0265966696448,0.118662420739833,3,"#4daf4a"
"1090",1.05586489099562,0.119728941423529,3,"#4daf4a"
"1091",1.08513311234644,0.120760112695675,3,"#4daf4a"
"1092",1.11440133369726,0.121748960347263,3,"#4daf4a"
"1093",1.14366955504808,0.122671503288686,3,"#4daf4a"
"1094",1.1729377763989,0.123560059716215,3,"#4daf4a"
"1095",1.20220599774972,0.124404471252474,3,"#4daf4a"
"1096",1.23147421910054,0.125190183435512,3,"#4daf4a"
"1097",1.26074244045136,0.125944377593131,3,"#4daf4a"
"1098",1.29001066180218,0.12665467762829,3,"#4daf4a"
"1099",1.319278883153,0.127315441612152,3,"#4daf4a"
"1100",1.34854710450382,0.12794818433382,3,"#4daf4a"
"1101",1.37781532585464,0.128539605273597,3,"#4daf4a"
"1102",1.40708354720546,0.129091624929707,3,"#4daf4a"
"1103",1.43635176855628,0.129620026551503,3,"#4daf4a"
"1104",1.4656199899071,0.130112115879357,3,"#4daf4a"
"1105",1.49488821125792,0.130575298571661,3,"#4daf4a"
"1106",1.52415643260874,0.131020010252279,3,"#4daf4a"
"1107",1.55342465395956,0.131435817049265,3,"#4daf4a"
"1108",1.58269287531038,0.131832973618689,3,"#4daf4a"
"1109",1.6119610966612,0.132217352114928,3,"#4daf4a"
"1110",1.64122931801202,0.132582425112738,3,"#4daf4a"
"1111",1.67049753936284,0.132938318959057,3,"#4daf4a"
"1112",1.69976576071365,0.133287447952267,3,"#4daf4a"
"1113",1.72903398206447,0.133628688596117,3,"#4daf4a"
"1114",1.75830220341529,0.133968973703732,3,"#4daf4a"
"1115",1.78757042476611,0.134308583013652,3,"#4daf4a"
"1116",1.81683864611693,0.134653006036985,3,"#4daf4a"
"1117",1.84610686746775,0.135003100439113,3,"#4daf4a"
"1118",1.87537508881857,0.135358932112193,3,"#4daf4a"
"1119",1.90464331016939,0.135731890997537,3,"#4daf4a"
"1120",1.93391153152021,0.136115836496564,3,"#4daf4a"
"1121",1.96317975287103,0.136512806066276,3,"#4daf4a"
"1122",1.99244797422185,0.136936448402337,3,"#4daf4a"
"1123",2.02171619557267,0.137375809076807,3,"#4daf4a"
"1124",2.05098441692349,0.137835722972006,3,"#4daf4a"
"1125",2.08025263827431,0.138329028910168,3,"#4daf4a"
"1126",2.10952085962513,0.13884187990849,3,"#4daf4a"
"1127",2.13878908097595,0.139382458602821,3,"#4daf4a"
"1128",2.16805730232677,0.139960221669794,3,"#4daf4a"
"1129",2.19732552367759,0.140560276046403,3,"#4daf4a"
"1130",2.22659374502841,0.141194239378221,3,"#4daf4a"
"1131",2.25586196637923,0.141866330787624,3,"#4daf4a"
"1132",2.28513018773005,0.142562245868269,3,"#4daf4a"
"1133",2.31439840908087,0.143296618261339,3,"#4daf4a"
"1134",2.34366663043169,0.14406745795755,3,"#4daf4a"
"1135",2.37293485178251,0.144862354263994,3,"#4daf4a"
"1136",2.40220307313333,0.14569802484597,3,"#4daf4a"
"1137",2.43147129448415,0.146566284246162,3,"#4daf4a"
"1138",2.46073951583497,0.147457499830977,3,"#4daf4a"
"1139",2.49000773718579,0.148389059430034,3,"#4daf4a"
"1140",2.51927595853661,0.149347609654929,3,"#4daf4a"
"1141",2.54854417988743,0.150326701356153,3,"#4daf4a"
"1142",2.57781240123825,0.151342564181247,3,"#4daf4a"
"1143",2.60708062258907,0.152378671740651,3,"#4daf4a"
"1144",2.63634884393989,0.153431662988734,3,"#4daf4a"
"1145",2.66561706529071,0.154514466296738,3,"#4daf4a"
"1146",2.69488528664153,0.155610226370659,3,"#4daf4a"
"1147",2.72415350799235,0.156718356832322,3,"#4daf4a"
"1148",2.75342172934317,0.157845350480802,3,"#4daf4a"
"1149",2.78268995069399,0.158978336750683,3,"#4daf4a"
"1150",2.81195817204481,0.160118031290504,3,"#4daf4a"
"1151",2.84122639339563,0.161262683187052,3,"#4daf4a"
"1152",2.87049461474645,0.162406783218058,3,"#4daf4a"
"1153",2.89976283609727,0.163549589025825,3,"#4daf4a"
"1154",2.92903105744809,0.1646835807749,3,"#4daf4a"
"1155",2.95829927879891,0.165809977742544,3,"#4daf4a"
"1156",2.98756750014973,0.16692484560392,3,"#4daf4a"
"1157",3.01683572150055,0.168017989595469,3,"#4daf4a"
"1158",3.04610394285137,0.169096245092013,3,"#4daf4a"
"1159",3.07537216420219,0.170150760702508,3,"#4daf4a"
"1160",3.10464038555301,0.171172129236922,3,"#4daf4a"
"1161",3.13390860690383,0.172171318258381,3,"#4daf4a"
"1162",3.16317682825465,0.1731329746677,3,"#4daf4a"
"1163",3.19244504960547,0.174052041457344,3,"#4daf4a"
"1164",3.22171327095629,0.174941889589839,3,"#4daf4a"
"1165",3.25098149230711,0.175779341954029,3,"#4daf4a"
"1166",3.28024971365793,0.17656708696003,3,"#4daf4a"
"1167",3.30951793500875,0.177319061236574,3,"#4daf4a"
"1168",3.33878615635957,0.178003307908357,3,"#4daf4a"
"1169",3.36805437771039,0.178633239877029,3,"#4daf4a"
"1170",3.39732259906121,0.179221548601466,3,"#4daf4a"
"1171",3.42659082041203,0.179726988304408,3,"#4daf4a"
"1172",3.45585904176285,0.180176044916698,3,"#4daf4a"
"1173",3.48512726311367,0.180578507660442,3,"#4daf4a"
"1174",3.51439548446449,0.180883830633077,3,"#4daf4a"
"1175",3.54366370581531,0.181133123490812,3,"#4daf4a"
"1176",3.57293192716613,0.18133188006257,3,"#4daf4a"
"1177",3.60220014851695,0.181420761057104,3,"#4daf4a"
"1178",3.63146836986777,0.181456141335011,3,"#4daf4a"
"1179",3.66073659121859,0.181432372855891,3,"#4daf4a"
"1180",3.69000481256941,0.181299749546108,3,"#4daf4a"
"1181",3.71927303392023,0.181112179517645,3,"#4daf4a"
"1182",3.74854125527105,0.180857801486942,3,"#4daf4a"
"1183",3.77780947662187,0.180498756271312,3,"#4daf4a"
"1184",3.80707769797269,0.180084481527727,3,"#4daf4a"
"1185",3.83634591932351,0.179597204444196,3,"#4daf4a"
"1186",3.86561414067433,0.179012053076874,3,"#4daf4a"
"1187",3.89488236202515,0.178372579573374,3,"#4daf4a"
"1188",3.92415058337597,0.177655766514806,3,"#4daf4a"
"1189",3.95341880472679,0.176849943052374,3,"#4daf4a"
"1190",3.98268702607761,0.175991831647247,3,"#4daf4a"
"1191",4.01195524742843,0.175054206254618,3,"#4daf4a"
"1192",4.04122346877925,0.174037927383567,3,"#4daf4a"
"1193",4.07049169013007,0.172972425870959,3,"#4daf4a"
"1194",4.09975991148089,0.171827603547661,3,"#4daf4a"
"1195",4.12902813283171,0.170615390495874,3,"#4daf4a"
"1196",4.15829635418253,0.169357928948444,3,"#4daf4a"
"1197",4.18756457553335,0.168023803808961,3,"#4daf4a"
"1198",4.21683279688417,0.166633891096962,3,"#4daf4a"
"1199",4.24610101823499,0.165203470416011,3,"#4daf4a"
"1200",4.27536923958581,0.163701494633468,3,"#4daf4a"
"1201",4.30463746093663,0.162155157511381,3,"#4daf4a"
"1202",4.33390568228745,0.160573663329157,3,"#4daf4a"
"1203",4.36317390363827,0.158928057330497,3,"#4daf4a"
"1204",4.39244212498909,0.157248890506682,3,"#4daf4a"
"1205",4.42171034633991,0.155540365012834,3,"#4daf4a"
"1206",4.45097856769073,0.153777296534113,3,"#4daf4a"
"1207",4.48024678904155,0.15199047583593,3,"#4daf4a"
"1208",4.50951501039237,0.150178873495609,3,"#4daf4a"
"1209",4.53878323174319,0.148327146387711,3,"#4daf4a"
"1210",4.56805145309401,0.146458702503911,3,"#4daf4a"
"1211",4.59731967444483,0.144570763383114,3,"#4daf4a"
"1212",4.62658789579565,0.142657442410202,3,"#4daf4a"
"1213",4.65585611714647,0.140733572125385,3,"#4daf4a"
"1214",4.68512433849729,0.138796845574645,3,"#4daf4a"
"1215",4.71439255984811,0.136847835041189,3,"#4daf4a"
"1216",4.74366078119893,0.134894270717834,3,"#4daf4a"
"1217",4.77292900254975,0.132935607465072,3,"#4daf4a"
"1218",4.80219722390057,0.130975905169369,3,"#4daf4a"
"1219",4.83146544525139,0.129017358024374,3,"#4daf4a"
"1220",4.86073366660221,0.127062319018775,3,"#4daf4a"
"1221",4.89000188795303,0.125115524879246,3,"#4daf4a"
"1222",4.91927010930385,0.123175212206857,3,"#4daf4a"
"1223",4.94853833065467,0.121247576384507,3,"#4daf4a"
"1224",4.97780655200549,0.119335489399638,3,"#4daf4a"
"1225",5.00707477335631,0.117434750658663,3,"#4daf4a"
"1226",5.03634299470713,0.115556125334641,3,"#4daf4a"
"1227",5.06561121605795,0.113698429903619,3,"#4daf4a"
"1228",5.09487943740876,0.111856431820276,3,"#4daf4a"
"1229",5.12414765875959,0.11004596390149,3,"#4daf4a"
"1230",5.1534158801104,0.108260002331302,3,"#4daf4a"
"1231",5.18268410146123,0.106493529117113,3,"#4daf4a"
"1232",5.21195232281204,0.104767710817696,3,"#4daf4a"
"1233",5.24122054416287,0.103068335505956,3,"#4daf4a"
"1234",5.27048876551368,0.101391657128077,3,"#4daf4a"
"1235",5.29975698686451,0.0997642165395442,3,"#4daf4a"
"1236",5.32902520821532,0.0981637129598294,3,"#4daf4a"
"1237",5.35829342956614,0.0965897338064635,3,"#4daf4a"
"1238",5.38756165091696,0.0950703870237778,3,"#4daf4a"
"1239",5.41682987226778,0.0935784572805117,3,"#4daf4a"
"1240",5.4460980936186,0.0921182027628437,3,"#4daf4a"
"1241",5.47536631496942,0.0907131870554298,3,"#4daf4a"
"1242",5.50463453632024,0.0893369833704154,3,"#4daf4a"
"1243",5.53390275767106,0.0879972416281547,3,"#4daf4a"
"1244",5.56317097902188,0.0867117895539898,3,"#4daf4a"
"1245",5.5924392003727,0.0854559874811593,3,"#4daf4a"
"1246",5.62170742172352,0.0842408939715309,3,"#4daf4a"
"1247",5.65097564307434,0.0830778394745645,3,"#4daf4a"
"1248",5.68024386442516,0.0819447417448391,3,"#4daf4a"
"1249",5.70951208577598,0.0808559039745744,3,"#4daf4a"
"1250",5.7387803071268,0.0798158050673237,3,"#4daf4a"
"1251",5.76804852847762,0.0788054685370583,3,"#4daf4a"
"1252",5.79731674982844,0.077842114837503,3,"#4daf4a"
"1253",5.82658497117926,0.0769233946628142,3,"#4daf4a"
"1254",5.85585319253008,0.0760337746560762,3,"#4daf4a"
"1255",5.8851214138809,0.0751929210273257,3,"#4daf4a"
"1256",5.91438963523172,0.0743920230823694,3,"#4daf4a"
"1257",5.94365785658254,0.0736191312613237,3,"#4daf4a"
"1258",5.97292607793336,0.0728957625095667,3,"#4daf4a"
"1259",6.00219429928418,0.0722073175361979,3,"#4daf4a"
"1260",6.031462520635,0.0715453911087303,3,"#4daf4a"
"1261",6.06073074198582,0.0709326544020018,3,"#4daf4a"
"1262",6.08999896333664,0.0703496578646881,3,"#4daf4a"
"1263",6.11926718468746,0.0697913392847,3,"#4daf4a"
"1264",6.14853540603828,0.0692807496734074,3,"#4daf4a"
"1265",6.1778036273891,0.0687947497395158,3,"#4daf4a"
"1266",6.20707184873992,0.0683316010040249,3,"#4daf4a"
"1267",6.23634007009074,0.0679129352389737,3,"#4daf4a"
"1268",6.26560829144156,0.0675142316810028,3,"#4daf4a"
"1269",6.29487651279238,0.0671379224853061,3,"#4daf4a"
"1270",6.3241447341432,0.0667984629175923,3,"#4daf4a"
"1271",6.35341295549402,0.0664763173636633,3,"#4daf4a"
"1272",6.38268117684484,0.0661752639148707,3,"#4daf4a"
"1273",6.41194939819566,0.0659036162404819,3,"#4daf4a"
"1274",6.44121761954648,0.0656464737513738,3,"#4daf4a"
"1275",6.4704858408973,0.0654082792845888,3,"#4daf4a"
"1276",6.49975406224812,0.0651924122295484,3,"#4daf4a"
"1277",6.52902228359894,0.0649881333656213,3,"#4daf4a"
"1278",6.55829050494976,0.0647998499004853,3,"#4daf4a"
"1279",6.58755872630058,0.0646273343278086,3,"#4daf4a"
"1280",6.6168269476514,0.064463435807897,3,"#4daf4a"
"1281",6.64609516900222,0.0643118347987901,3,"#4daf4a"
"1282",6.67536339035304,0.0641700890867723,3,"#4daf4a"
"1283",6.70463161170386,0.0640339899728017,3,"#4daf4a"
"1284",6.73389983305468,0.063905837761632,3,"#4daf4a"
"1285",6.7631680544055,0.0637823754646313,3,"#4daf4a"
"1286",6.79243627575632,0.0636616446733037,3,"#4daf4a"
"1287",6.82170449710714,0.0635439773290157,3,"#4daf4a"
"1288",6.85097271845796,0.063426652126142,3,"#4daf4a"
"1289",6.88024093980878,0.063309252105025,3,"#4daf4a"
"1290",6.9095091611596,0.0631896431774354,3,"#4daf4a"
"1291",6.93877738251042,0.0630668853699629,3,"#4daf4a"
"1292",6.96804560386124,0.0629414060894123,3,"#4daf4a"
"1293",6.99731382521206,0.0628082201438297,3,"#4daf4a"
"1294",7.02658204656288,0.0626692585622796,3,"#4daf4a"
"1295",7.0558502679137,0.0625251356446786,3,"#4daf4a"
"1296",7.08511848926452,0.0623677602585635,3,"#4daf4a"
"1297",7.11438671061534,0.0622028234321714,3,"#4daf4a"
"1298",7.14365493196616,0.0620297499044197,3,"#4daf4a"
"1299",7.17292315331698,0.0618395835294382,3,"#4daf4a"
"1300",7.2021913746678,0.0616400743624935,3,"#4daf4a"
"1301",7.23145959601862,0.0614292466255526,3,"#4daf4a"
"1302",7.26072781736944,0.0611987898793064,3,"#4daf4a"
"1303",7.28999603872026,0.0609574288424353,3,"#4daf4a"
"1304",7.31926426007108,0.0607016047642766,3,"#4daf4a"
"1305",7.3485324814219,0.0604246674543472,3,"#4daf4a"
"1306",7.37780070277272,0.0601356003747647,3,"#4daf4a"
"1307",7.40706892412354,0.0598291105256477,3,"#4daf4a"
"1308",7.43633714547436,0.0595009862638897,3,"#4daf4a"
"1309",7.46560536682518,0.0591598541041763,3,"#4daf4a"
"1310",7.494873588176,0.0587986653125408,3,"#4daf4a"
"1311",7.52414180952682,0.0584161704938551,3,"#4daf4a"
"1312",7.55341003087764,0.0580201399471162,3,"#4daf4a"
"1313",7.58267825222846,0.0576018738291595,3,"#4daf4a"
"1314",7.61194647357928,0.0571633475275841,3,"#4daf4a"
"1315",7.6412146949301,0.0567111027269818,3,"#4daf4a"
"1316",7.67048291628092,0.0562350101595953,3,"#4daf4a"
"1317",7.69975113763174,0.0557402763812524,3,"#4daf4a"
"1318",7.72901935898256,0.0552319734280261,3,"#4daf4a"
"1319",7.75828758033338,0.0546988675905583,3,"#4daf4a"
"1320",7.7875558016842,0.0541491626152595,3,"#4daf4a"
"1321",7.81682402303502,0.0535863498885743,3,"#4daf4a"
"1322",7.84609224438584,0.0529985019343151,3,"#4daf4a"
"1323",7.87536046573666,0.0523963705685847,3,"#4daf4a"
"1324",7.90462868708748,0.0517818788287265,3,"#4daf4a"
"1325",7.9338969084383,0.0511428813906093,3,"#4daf4a"
"1326",7.96316512978912,0.0504920467987451,3,"#4daf4a"
"1327",7.99243335113994,0.0498291909284308,3,"#4daf4a"
"1328",8.02170157249076,0.0491444584362382,3,"#4daf4a"
"1329",8.05096979384158,0.0484496707899839,3,"#4daf4a"
"1330",8.0802380151924,0.0477431708151914,3,"#4daf4a"
"1331",8.10950623654322,0.0470186807956296,3,"#4daf4a"
"1332",8.13877445789404,0.0462855502861882,3,"#4daf4a"
"1333",8.16804267924486,0.0455415497605072,3,"#4daf4a"
"1334",8.19731090059568,0.0447834592433445,3,"#4daf4a"
"1335",8.2265791219465,0.04401827904982,3,"#4daf4a"
"1336",8.25584734329732,0.0432436021636115,3,"#4daf4a"
"1337",8.28511556464814,0.0424586098966212,3,"#4daf4a"
"1338",8.31438378599896,0.0416681745350319,3,"#4daf4a"
"1339",8.34365200734978,0.0408701232269691,3,"#4daf4a"
"1340",8.3729202287006,0.0400652878922376,3,"#4daf4a"
"1341",8.40218845005142,0.0392567120208269,3,"#4daf4a"
"1342",8.43145667140224,0.0384428654579924,3,"#4daf4a"
"1343",8.46072489275306,0.037625428051224,3,"#4daf4a"
"1344",8.48999311410388,0.0368059703267558,3,"#4daf4a"
"1345",8.5192613354547,0.0359839919531498,3,"#4daf4a"
"1346",8.54852955680552,0.0351612064687443,3,"#4daf4a"
"1347",8.57779777815634,0.0343381024798942,3,"#4daf4a"
"1348",8.60706599950715,0.0335155591135208,3,"#4daf4a"
"1349",8.63633422085798,0.0326945350682197,3,"#4daf4a"
"1350",8.6656024422088,0.0318748427564053,3,"#4daf4a"
"1351",8.69487066355962,0.0310590394537073,3,"#4daf4a"
"1352",8.72413888491043,0.0302465991522411,3,"#4daf4a"
"1353",8.75340710626126,0.0294370595002457,3,"#4daf4a"
"1354",8.78267532761208,0.0286348931417474,3,"#4daf4a"
"1355",8.81194354896289,0.0278374459648719,3,"#4daf4a"
"1356",8.84121177031371,0.0270445219360975,3,"#4daf4a"
"1357",8.87047999166453,0.0262621949224588,3,"#4daf4a"
"1358",8.89974821301536,0.025485630317897,3,"#4daf4a"
"1359",8.92901643436617,0.0247156548420675,3,"#4daf4a"
"1360",8.95828465571699,0.0239583211778246,3,"#4daf4a"
"1361",8.98755287706781,0.0232079214669373,3,"#4daf4a"
"1362",9.01682109841864,0.0224662713399016,3,"#4daf4a"
"1363",9.04608931976945,0.0217387000883722,3,"#4daf4a"
"1364",9.07535754112027,0.0210190736687703,3,"#4daf4a"
"1365",9.10462576247109,0.0203103781832097,3,"#4daf4a"
"1366",9.13389398382191,0.0196166261838372,3,"#4daf4a"
"1367",9.16316220517273,0.0189316612097734,3,"#4daf4a"
"1368",9.19243042652355,0.0182597575798066,3,"#4daf4a"
"1369",9.22169864787437,0.0176031390047237,3,"#4daf4a"
"1370",9.25096686922519,0.0169559771606907,3,"#4daf4a"
"1371",9.28023509057601,0.0163238887389542,3,"#4daf4a"
"1372",9.30950331192683,0.0157069641315629,3,"#4daf4a"
"1373",9.33877153327765,0.0150999936785449,3,"#4daf4a"
"1374",9.36803975462847,0.0145099298268751,3,"#4daf4a"
"1375",9.39730797597929,0.013934513473194,3,"#4daf4a"
"1376",9.42657619733011,0.0133693803422438,3,"#4daf4a"
"1377",9.45584441868093,0.0128227563388521,3,"#4daf4a"
"1378",9.48511264003175,0.0122899404456935,3,"#4daf4a"
"1379",9.51438086138257,0.0117675757838615,3,"#4daf4a"
"1380",9.54364908273339,0.0112650507187765,3,"#4daf4a"
"1381",9.57291730408421,0.0107752445369249,3,"#4daf4a"
"1382",9.60218552543503,0.0102959067831813,3,"#4daf4a"
"1383",9.63145374678585,0.00983743702052893,3,"#4daf4a"
"1384",9.66072196813667,0.00939041876533101,3,"#4daf4a"
"1385",9.68999018948749,0.00895375852754639,3,"#4daf4a"
"1386",9.71925841083831,0.00853865354265021,3,"#4daf4a"
"1387",9.74852663218913,0.00813363273967943,3,"#4daf4a"
"1388",9.77779485353995,0.00773979257517201,3,"#4daf4a"
"1389",9.80706307489077,0.00736575571462007,3,"#4daf4a"
"1390",9.83633129624159,0.00700144344515857,3,"#4daf4a"
"1391",9.86559951759241,0.00664893382314448,3,"#4daf4a"
"1392",9.89486773894323,0.00631434110403867,3,"#4daf4a"
"1393",9.92413596029405,0.00598902555314292,3,"#4daf4a"
"1394",9.95340418164487,0.0056759229282706,3,"#4daf4a"
"1395",9.98267240299569,0.00537878827597089,3,"#4daf4a"
"1396",10.0119406243465,0.00509041300067829,3,"#4daf4a"
"1397",10.0412088456973,0.00481444742201315,3,"#4daf4a"
"1398",10.0704770670482,0.00455250138308796,3,"#4daf4a"
"1399",10.099745288399,0.00429874382123632,3,"#4daf4a"
"1400",10.1290135097498,0.00405738594798121,3,"#4daf4a"
"1401",10.1582817311006,0.00382815279655783,3,"#4daf4a"
"1402",10.1875499524514,0.00360650072392215,3,"#4daf4a"
"1403",10.2168181738023,0.00339704563393183,3,"#4daf4a"
"1404",10.2460863951531,0.00319791678389131,3,"#4daf4a"
"1405",10.2753546165039,0.00300574068983629,3,"#4daf4a"
"1406",10.3046228378547,0.00282538621564505,3,"#4daf4a"
"1407",10.3338910592055,0.00265368816508642,3,"#4daf4a"
"1408",10.3631592805564,0.00248830784088124,3,"#4daf4a"
"1409",10.3924275019072,0.00233422558610265,3,"#4daf4a"
"1410",10.421695723258,0.00218728098170231,3,"#4daf4a"
"1411",10.4509639446088,0.00204602498350083,3,"#4daf4a"
"1412",10.4802321659596,0.00191542263584136,3,"#4daf4a"
"1413",10.5095003873104,0.00179060343353564,3,"#4daf4a"
"1414",10.5387686086613,0.00167086047389417,3,"#4daf4a"
"1415",10.5680368300121,0.00156103451313264,3,"#4daf4a"
"1416",10.5973050513629,0.00145580660732452,3,"#4daf4a"
"1417",10.6265732727137,0.00135539471237629,3,"#4daf4a"
"1418",10.6558414940645,0.00126344669792007,3,"#4daf4a"
"1419",10.6851097154154,0.0011754057741216,3,"#4daf4a"
"1420",10.7143779367662,0.00109197207581646,3,"#4daf4a"
"1421",10.743646158117,0.00101547548692832,3,"#4daf4a"
"1422",10.7729143794678,0.000942374204438901,3,"#4daf4a"
"1423",10.8021826008187,0.000873602055731691,3,"#4daf4a"
"1424",10.8314508221695,0.000810443573035741,3,"#4daf4a"
"1425",10.8607190435203,0.000750210490231405,3,"#4daf4a"
"1426",10.8899872648711,0.000693978546465591,3,"#4daf4a"
"1427",10.9192554862219,0.000642230325809422,3,"#4daf4a"
"1428",10.9485237075727,0.000592981230274265,3,"#4daf4a"
"1429",10.9777919289236,0.000547373511227186,3,"#4daf4a"
"1430",11.0070601502744,0.000505299112204926,3,"#4daf4a"
"1431",11.0363283716252,0.000465341605152032,3,"#4daf4a"
"1432",11.065596592976,0.000428650187772381,3,"#4daf4a"
"1433",11.0948648143268,0.000394704522074505,3,"#4daf4a"
"1434",11.1241330356777,0.000362536829624043,3,"#4daf4a"
"1435",11.1534012570285,0.000333258355301174,3,"#4daf4a"
"1436",11.1826694783793,0.000306082682070778,3,"#4daf4a"
"1437",11.2119376997301,0.000280387727395127,3,"#4daf4a"
"1438",11.2412059210809,0.000257214955619811,3,"#4daf4a"
"1439",11.2704741424318,0.00023562796634285,3,"#4daf4a"
"1440",11.2997423637826,0.000215263742270087,3,"#4daf4a"
"1441",11.3290105851334,0.000197073364206444,3,"#4daf4a"
"1442",11.3582788064842,0.000180059365894417,3,"#4daf4a"
"1443",11.387547027835,0.000164046605633465,3,"#4daf4a"
"1444",11.4168152491859,0.000149884458283208,3,"#4daf4a"
"1445",11.4460834705367,0.000136579590558542,3,"#4daf4a"
"1446",11.4753516918875,0.000124122156662733,3,"#4daf4a"
"1447",11.5046199132383,0.000113152362442535,3,"#4daf4a"
"1448",11.5338881345891,0.000102829682140701,3,"#4daf4a"
"1449",11.56315635594,9.32503898253243e-05,3,"#4daf4a"
"1450",11.5924245772908,8.47874026735642e-05,3,"#4daf4a"
"1451",11.6216927986416,7.68415492036379e-05,3,"#4daf4a"
"1452",11.6509610199924,6.95362327133613e-05,3,"#4daf4a"
"1453",11.6802292413432,6.30584006758866e-05,3,"#4daf4a"
"1454",11.7094974626941,5.69904263368237e-05,3,"#4daf4a"
"1455",11.7387656840449,5.14653585326059e-05,3,"#4daf4a"
"1456",11.7680339053957,4.6546022831163e-05,3,"#4daf4a"
"1457",11.7973021267465,4.19488429783668e-05,3,"#4daf4a"
"1458",11.8265703480973,3.78048208789468e-05,3,"#4daf4a"
"1459",11.8558385694482,3.4098488088882e-05,3,"#4daf4a"
"1460",11.885106790799,3.06432832802016e-05,3,"#4daf4a"
"1461",11.9143750121498,2.7560904725324e-05,3,"#4daf4a"
"1462",11.9436432335006,2.47905566366636e-05,3,"#4daf4a"
"1463",11.9729114548514,2.22143476891291e-05,3,"#4daf4a"
"1464",12.0021796762023,1.99406978779331e-05,3,"#4daf4a"
"1465",12.0314478975531,1.78863809928383e-05,3,"#4daf4a"
"1466",12.0607161189039,1.59809015437881e-05,3,"#4daf4a"
"1467",12.0899843402547,1.43177581474547e-05,3,"#4daf4a"
"1468",12.1192525616055,1.28065118395996e-05,3,"#4daf4a"
"1469",12.1485207829564,1.14084232210644e-05,3,"#4daf4a"
"1470",12.1777890043072,1.02019998799726e-05,3,"#4daf4a"
"1471",12.207057225658,9.09911623437105e-06,3,"#4daf4a"
"1472",12.2363254470088,8.08154657303975e-06,3,"#4daf4a"
"1473",12.2655936683596,7.21372667717119e-06,3,"#4daf4a"
"1474",12.2948618897105,6.41528535720242e-06,3,"#4daf4a"
"1475",12.3241301110613,5.68156877001893e-06,3,"#4daf4a"
"1476",12.3533983324121,5.06159232662787e-06,3,"#4daf4a"
"1477",12.3826665537629,4.48817907346167e-06,3,"#4daf4a"
"1478",12.4119347751137,3.9669947109544e-06,3,"#4daf4a"
"1479",12.4412029964646,3.52417392168054e-06,3,"#4daf4a"
"1480",12.4704712178154,3.11566954261115e-06,3,"#4daf4a"
"1481",12.4997394391662,2.74855117024487e-06,3,"#4daf4a"
"1482",12.529007660517,2.4347831443116e-06,3,"#4daf4a"
"1483",12.5582758818678,2.14609887998128e-06,3,"#4daf4a"
"1484",12.5875441032187,1.88966816368501e-06,3,"#4daf4a"
"1485",12.6168123245695,1.66911630316115e-06,3,"#4daf4a"
"1486",12.6460805459203,1.46674900950034e-06,3,"#4daf4a"
"1487",12.6753487672711,1.2891334505754e-06,3,"#4daf4a"
"1488",12.7046169886219,1.13534356031932e-06,3,"#4daf4a"
"1489",12.7338852099728,9.94628032707818e-07,3,"#4daf4a"
"1490",12.7631534313236,8.72634391350462e-07,3,"#4daf4a"
"1491",12.7924216526744,7.66255930238284e-07,3,"#4daf4a"
"1492",12.8216898740252,6.69199987638688e-07,3,"#4daf4a"
"1493",12.850958095376,5.86112215929822e-07,3,"#4daf4a"
"1494",12.8802263167269,5.13119004241967e-07,3,"#4daf4a"
"1495",12.9094945380777,4.46717975324578e-07,3,"#4daf4a"
"1496",12.9387627594285,3.90602900495114e-07,3,"#4daf4a"
"1497",12.9680309807793,3.40919850225455e-07,3,"#4daf4a"
"1498",12.9972992021301,2.95859512246673e-07,3,"#4daf4a"
"1499",13.026567423481,2.58278926469823e-07,3,"#4daf4a"
"1500",13.0558356448318,2.24734115531717e-07,3,"#4daf4a"
"1501",13.0851038661826,1.94403889274881e-07,3,"#4daf4a"
"1502",13.1143720875334,1.69447118452234e-07,3,"#4daf4a"
"1503",13.1436403088842,1.46980990697512e-07,3,"#4daf4a"
"1504",13.1729085302351,1.26731539924854e-07,3,"#4daf4a"
"1505",13.2021767515859,1.102971502083e-07,3,"#4daf4a"
"1506",13.2314449729367,9.5372248243478e-08,3,"#4daf4a"
"1507",13.2607131942875,8.20780025290239e-08,3,"#4daf4a"
"1508",13.2899814156383,7.12316068465863e-08,3,"#4daf4a"
"1509",13.3192496369892,6.13967081758295e-08,3,"#4daf4a"
"1510",13.34851785834,5.2752227998117e-08,3,"#4daf4a"
"1511",13.3777860796908,4.564080058963e-08,3,"#4daf4a"
"1512",13.4070543010416,3.9212468125048e-08,3,"#4daf4a"
"1513",13.4363225223924,3.36386350614377e-08,3,"#4daf4a"
"1514",13.4655907437433,2.90134777311431e-08,3,"#4daf4a"
"1515",13.4948589650941,2.48458218854488e-08,3,"#4daf4a"
"1516",13.5241271864449,2.12820572082507e-08,3,"#4daf4a"
"1517",13.5533954077957,1.8298122767308e-08,3,"#4daf4a"
"1518",13.5826636291465,1.56180559046734e-08,3,"#4daf4a"
"1519",13.6119318504974,1.33585977601023e-08,3,"#4daf4a"
"1520",13.6412000718482,1.14490091808488e-08,3,"#4daf4a"
"1521",13.670468293199,9.73956473677917e-09,3,"#4daf4a"
"1522",13.6997365145498,8.3190683207819e-09,3,"#4daf4a"
"1523",13.7290047359006,7.1068721253884e-09,3,"#4daf4a"
"1524",13.7582729572515,6.02539980535666e-09,3,"#4daf4a"
"1525",13.7875411786023,5.1398417858012e-09,3,"#4daf4a"
"1526",13.8168093999531,4.37656245201354e-09,3,"#4daf4a"
"1527",13.8460776213039,3.69794898498861e-09,3,"#4daf4a"
"1528",13.8753458426547,3.15051034624529e-09,3,"#4daf4a"
"1529",13.9046140640056,2.67378685107203e-09,3,"#4daf4a"
"1530",13.9338822853564,2.25143738838691e-09,3,"#4daf4a"
"1531",13.9631505067072,1.91585738139615e-09,3,"#4daf4a"
"1532",13.992418728058,1.62052084319613e-09,3,"#4daf4a"
"1533",14.0216869494088,1.35980962838797e-09,3,"#4daf4a"
"1534",14.0509551707597,1.15582397631345e-09,3,"#4daf4a"
"1535",14.0802233921105,9.74343231284423e-10,3,"#4daf4a"
"1536",14.1094916134613,8.1580638964107e-10,3,"#4daf4a"
